timestamp,q,dq,tau,merror
2025-10-18T15:07:21.251460,3.9557621479034424,0.3515625,0.0,0
2025-10-18T15:07:21.254431,3.955378770828247,-1.046875,0.00390625,0
2025-10-18T15:07:21.257416,3.9557621479034424,0.703125,0.00390625,0
2025-10-18T15:07:21.260442,3.9557621479034424,0.0,0.01953125,0
2025-10-18T15:07:21.263429,3.956145763397217,0.0234375,-0.00390625,0
2025-10-18T15:07:21.265427,3.956145763397217,0.21875,0.0078125,0
2025-10-18T15:07:21.267419,3.956145763397217,-0.5546875,0.01953125,0
2025-10-18T15:07:21.269419,3.9557621479034424,-1.2265625,-0.0078125,0
2025-10-18T15:07:21.271432,3.9557621479034424,-0.4140625,0.00390625,0
2025-10-18T15:07:21.274448,3.9557621479034424,-0.75,0.03125,0
2025-10-18T15:07:21.279211,3.9557621479034424,0.0,-0.00390625,0
2025-10-18T15:07:21.282449,3.9557621479034424,0.0,0.0,0
2025-10-18T15:07:21.285458,3.9557621479034424,-0.2421875,-0.00390625,0
2025-10-18T15:07:21.288479,3.956145763397217,0.1875,0.01171875,0
2025-10-18T15:07:21.291464,3.956145763397217,-0.484375,0.00390625,0
2025-10-18T15:07:21.295458,3.956145763397217,-0.109375,-0.015625,0
2025-10-18T15:07:21.298443,3.9557621479034424,-0.5625,0.0078125,0
2025-10-18T15:07:21.301429,3.9557621479034424,0.0,-0.00390625,0
2025-10-18T15:07:21.303420,3.9557621479034424,0.578125,-0.02734375,0
2025-10-18T15:07:21.305419,3.9557621479034424,-0.03125,-0.00390625,0
2025-10-18T15:07:21.307420,3.956145763397217,0.375,0.0078125,0
2025-10-18T15:07:21.309420,3.956145763397217,0.4921875,-0.01171875,0
2025-10-18T15:07:21.311424,3.956145763397217,0.0625,0.0,0
2025-10-18T15:07:21.314437,3.956145763397217,0.21875,0.0,0
2025-10-18T15:07:21.317439,3.9557621479034424,-0.578125,0.00390625,0
2025-10-18T15:07:21.320417,3.9557621479034424,0.3125,0.01171875,0
2025-10-18T15:07:21.322422,3.9557621479034424,0.1328125,0.00390625,0
2025-10-18T15:07:21.324420,3.956145763397217,0.625,0.0,0
2025-10-18T15:07:21.326421,3.956145763397217,0.078125,-0.00390625,0
2025-10-18T15:07:21.328422,3.956529140472412,0.4921875,0.00390625,0
2025-10-18T15:07:21.330423,3.956145763397217,-1.21875,-0.00390625,0
2025-10-18T15:07:21.332421,3.956529140472412,0.0,0.015625,0
2025-10-18T15:07:21.334422,3.956145763397217,-0.3125,0.0,0
2025-10-18T15:07:21.336420,3.9557621479034424,-0.765625,0.0,0
2025-10-18T15:07:21.338425,3.9557621479034424,-0.1015625,-0.0234375,0
2025-10-18T15:07:21.340430,3.9557621479034424,0.671875,0.0,0
2025-10-18T15:07:21.342423,3.955378770828247,-1.09375,0.0,0
2025-10-18T15:07:21.344421,3.9557621479034424,0.3046875,-0.00390625,0
2025-10-18T15:07:21.346424,3.9557621479034424,0.9453125,0.0,0
2025-10-18T15:07:21.348425,3.956145763397217,-0.4921875,-0.0078125,0
2025-10-18T15:07:21.351420,3.956529140472412,0.2109375,0.0,0
2025-10-18T15:07:21.353426,3.956145763397217,-0.0625,0.01171875,0
2025-10-18T15:07:21.355428,3.956145763397217,0.0078125,0.0,0
2025-10-18T15:07:21.357429,3.9557621479034424,-0.140625,0.0,0
2025-10-18T15:07:21.359425,3.9557621479034424,0.0,-0.0078125,0
2025-10-18T15:07:21.361428,3.9557621479034424,0.2265625,0.01171875,0
2025-10-18T15:07:21.363426,3.9557621479034424,0.0078125,0.0,0
2025-10-18T15:07:21.365426,3.9557621479034424,-0.1875,0.0,0
2025-10-18T15:07:21.367428,3.9557621479034424,-1.21875,0.00390625,0
2025-10-18T15:07:21.369426,3.956145763397217,0.2890625,-0.01953125,0
2025-10-18T15:07:21.371426,3.956145763397217,-0.203125,0.0,0
2025-10-18T15:07:21.373428,3.956145763397217,-0.4921875,0.0,0
2025-10-18T15:07:21.375426,3.9557621479034424,-1.5625,-0.00390625,0
2025-10-18T15:07:21.377426,3.956145763397217,0.7421875,0.00390625,0
2025-10-18T15:07:21.379428,3.955378770828247,-1.3828125,0.01953125,0
2025-10-18T15:07:21.381427,3.955378770828247,-0.578125,0.0390625,0
2025-10-18T15:07:21.383429,3.955378770828247,0.109375,0.0234375,0
2025-10-18T15:07:21.385430,3.9557621479034424,1.2265625,0.015625,0
2025-10-18T15:07:21.387408,3.9557621479034424,0.7421875,0.00390625,0
2025-10-18T15:07:21.389426,3.956145763397217,0.9375,0.0,0
2025-10-18T15:07:21.391428,3.956145763397217,0.0,-0.015625,0
2025-10-18T15:07:21.393428,3.956145763397217,-0.6875,-0.0078125,0
2025-10-18T15:07:21.395432,3.956529140472412,0.0,0.00390625,0
2025-10-18T15:07:21.397492,3.956529140472412,-0.4375,0.0,0
2025-10-18T15:07:21.400416,3.956529140472412,0.5859375,-0.01171875,0
2025-10-18T15:07:21.402412,3.956145763397217,0.3515625,-0.00390625,0
2025-10-18T15:07:21.404411,3.9557621479034424,-0.1171875,0.00390625,0
2025-10-18T15:07:21.406411,3.9557621479034424,0.0390625,-0.00390625,0
2025-10-18T15:07:21.408411,3.9557621479034424,0.0,-0.015625,0
2025-10-18T15:07:21.410411,3.9557621479034424,-0.4921875,0.0,0
2025-10-18T15:07:21.412408,3.9557621479034424,-0.2890625,-0.0078125,0
2025-10-18T15:07:21.414411,3.956145763397217,0.0,-0.0234375,0
2025-10-18T15:07:21.416409,3.956145763397217,-0.8203125,0.00390625,0
2025-10-18T15:07:21.418408,3.956529140472412,0.6796875,-0.00390625,0
2025-10-18T15:07:21.420410,3.956529140472412,0.0859375,0.0078125,0
2025-10-18T15:07:21.422410,3.956529140472412,0.0,0.0,0
2025-10-18T15:07:21.424410,3.956529140472412,0.234375,0.0078125,0
2025-10-18T15:07:21.426409,3.956145763397217,-0.4765625,0.01171875,0
2025-10-18T15:07:21.428411,3.956145763397217,-0.4140625,-0.0078125,0
2025-10-18T15:07:21.430408,3.9557621479034424,-0.2109375,-0.0078125,0
2025-10-18T15:07:21.432414,3.9557621479034424,0.609375,-0.0078125,0
2025-10-18T15:07:21.434409,3.9557621479034424,-0.203125,0.015625,0
2025-10-18T15:07:21.436411,3.956145763397217,0.96875,-0.02734375,0
2025-10-18T15:07:21.438408,3.956145763397217,0.3515625,-0.0078125,0
2025-10-18T15:07:21.440407,3.956529140472412,0.84375,0.0078125,0
2025-10-18T15:07:21.442415,3.956529140472412,0.015625,0.00390625,0
2025-10-18T15:07:21.444422,3.956529140472412,1.25,-0.02734375,0
2025-10-18T15:07:21.446412,3.956529140472412,1.140625,-0.0078125,0
2025-10-18T15:07:21.448406,3.956145763397217,-0.4453125,0.00390625,0
2025-10-18T15:07:21.450406,3.956145763397217,-0.8671875,-0.0078125,0
2025-10-18T15:07:21.452406,3.956529140472412,1.09375,0.0078125,0
2025-10-18T15:07:21.454405,3.956145763397217,0.0,0.00390625,0
2025-10-18T15:07:21.456409,3.956145763397217,0.0,0.0078125,0
2025-10-18T15:07:21.458409,3.956145763397217,0.0234375,-0.01171875,0
2025-10-18T15:07:21.460407,3.956145763397217,0.28125,-0.00390625,0
2025-10-18T15:07:21.462413,3.956145763397217,0.765625,-0.0078125,0
2025-10-18T15:07:21.464406,3.956145763397217,0.203125,0.0,0
2025-10-18T15:07:21.466408,3.9557621479034424,-1.5234375,0.01953125,0
2025-10-18T15:07:21.468405,3.956145763397217,0.0234375,-0.00390625,0
2025-10-18T15:07:21.470404,3.956145763397217,0.4375,0.00390625,0
2025-10-18T15:07:21.472412,3.956145763397217,0.015625,-0.00390625,0
2025-10-18T15:07:21.474407,3.956145763397217,0.484375,-0.00390625,0
2025-10-18T15:07:21.476416,3.9557621479034424,-0.34375,-0.01171875,0
2025-10-18T15:07:21.478408,3.956145763397217,0.046875,0.00390625,0
2025-10-18T15:07:21.480404,3.956145763397217,-0.25,-0.00390625,0
2025-10-18T15:07:21.482408,3.956529140472412,0.2890625,0.0,0
2025-10-18T15:07:21.484410,3.956529140472412,0.2890625,0.00390625,0
2025-10-18T15:07:21.486405,3.956145763397217,-0.71875,-0.015625,0
2025-10-18T15:07:21.488408,3.956145763397217,-0.28125,0.0078125,0
2025-10-18T15:07:21.490407,3.956145763397217,0.09375,0.0,0
2025-10-18T15:07:21.492412,3.956145763397217,1.484375,0.0,0
2025-10-18T15:07:21.494406,3.956145763397217,0.6015625,0.0078125,0
2025-10-18T15:07:21.496404,3.9557621479034424,-0.328125,-0.0078125,0
2025-10-18T15:07:21.498408,3.956145763397217,0.078125,0.02734375,0
2025-10-18T15:07:21.500407,3.956145763397217,-0.0625,-0.0234375,0
2025-10-18T15:07:21.502409,3.956529140472412,0.09375,0.0078125,0
2025-10-18T15:07:21.504405,3.956529140472412,0.546875,0.00390625,0
2025-10-18T15:07:21.506410,3.956529140472412,0.109375,0.0,0
2025-10-18T15:07:21.508404,3.956145763397217,-0.484375,-0.01171875,0
2025-10-18T15:07:21.510405,3.956145763397217,0.0,0.00390625,0
2025-10-18T15:07:21.512409,3.9557621479034424,-0.6640625,0.015625,0
2025-10-18T15:07:21.514404,3.9557621479034424,-0.03125,0.00390625,0
2025-10-18T15:07:21.516401,3.9557621479034424,-0.203125,0.00390625,0
2025-10-18T15:07:21.519408,3.9557621479034424,0.234375,0.0,0
2025-10-18T15:07:21.521404,3.9557621479034424,-0.7265625,-0.0078125,0
2025-10-18T15:07:21.523403,3.956145763397217,0.703125,0.00390625,0
2025-10-18T15:07:21.525405,3.956145763397217,-0.0625,0.00390625,0
2025-10-18T15:07:21.527404,3.956529140472412,1.1015625,-0.0078125,0
2025-10-18T15:07:21.529404,3.956529140472412,0.1796875,0.0078125,0
2025-10-18T15:07:21.531401,3.956145763397217,-0.1171875,-0.00390625,0
2025-10-18T15:07:21.533401,3.956145763397217,0.0,0.01953125,0
2025-10-18T15:07:21.535404,3.9557621479034424,-0.0078125,0.0078125,0
2025-10-18T15:07:21.537403,3.9557621479034424,0.5234375,0.0,0
2025-10-18T15:07:21.539403,3.9557621479034424,0.65625,0.00390625,0
2025-10-18T15:07:21.541403,3.9557621479034424,0.0,0.0,0
2025-10-18T15:07:21.543403,3.956145763397217,0.0703125,-0.0078125,0
2025-10-18T15:07:21.545403,3.956529140472412,0.328125,0.00390625,0
2025-10-18T15:07:21.547400,3.9569127559661865,0.9765625,0.0,0
2025-10-18T15:07:21.549418,3.9569127559661865,0.0,0.0078125,0
2025-10-18T15:07:21.552395,3.956529140472412,-1.453125,0.015625,0
2025-10-18T15:07:21.554401,3.956145763397217,-0.453125,0.0,0
2025-10-18T15:07:21.556402,3.9557621479034424,-0.65625,0.0,0
2025-10-18T15:07:21.558403,3.955378770828247,-0.9453125,0.00390625,0
2025-10-18T15:07:21.560402,3.955378770828247,-0.09375,0.0,0
2025-10-18T15:07:21.562405,3.9557621479034424,0.390625,0.0,0
2025-10-18T15:07:21.564401,3.956145763397217,0.3515625,0.00390625,0
2025-10-18T15:07:21.566404,3.956529140472412,0.03125,0.00390625,0
2025-10-18T15:07:21.568404,3.9569127559661865,0.640625,0.0078125,0
2025-10-18T15:07:21.570401,3.9569127559661865,0.015625,0.0078125,0
2025-10-18T15:07:21.572401,3.9569127559661865,0.59375,0.0,0
2025-10-18T15:07:21.574401,3.956529140472412,-0.0390625,0.01953125,0
2025-10-18T15:07:21.576400,3.9557621479034424,-1.25,-0.00390625,0
2025-10-18T15:07:21.578401,3.9557621479034424,-0.734375,0.0078125,0
2025-10-18T15:07:21.580409,3.9557621479034424,0.5625,0.0078125,0
2025-10-18T15:07:21.582400,3.9557621479034424,0.0390625,-0.00390625,0
2025-10-18T15:07:21.584400,3.9557621479034424,0.0,0.00390625,0
2025-10-18T15:07:21.586400,3.956145763397217,-0.46875,-0.00390625,0
2025-10-18T15:07:21.588399,3.956145763397217,0.0,-0.0078125,0
2025-10-18T15:07:21.590403,3.956145763397217,-0.15625,0.0,0
2025-10-18T15:07:21.592401,3.956529140472412,0.0234375,-0.00390625,0
2025-10-18T15:07:21.594402,3.956145763397217,-1.515625,0.00390625,0
2025-10-18T15:07:21.596398,3.956145763397217,-0.0703125,0.0,0
2025-10-18T15:07:21.598400,3.956145763397217,0.09375,0.01171875,0
2025-10-18T15:07:21.600399,3.956145763397217,0.59375,-0.00390625,0
2025-10-18T15:07:21.602399,3.956145763397217,0.6015625,-0.01171875,0
2025-10-18T15:07:21.604400,3.956145763397217,0.328125,-0.015625,0
2025-10-18T15:07:21.606399,3.956529140472412,1.2265625,0.00390625,0
2025-10-18T15:07:21.608399,3.956529140472412,0.078125,0.015625,0
2025-10-18T15:07:21.610400,3.956529140472412,0.0,-0.00390625,0
2025-10-18T15:07:21.612399,3.956529140472412,-0.34375,0.0,0
2025-10-18T15:07:21.614396,3.956529140472412,0.0,-0.0078125,0
2025-10-18T15:07:21.616396,3.956145763397217,-0.1953125,0.01171875,0
2025-10-18T15:07:21.618396,3.9557621479034424,-0.9765625,0.0,0
2025-10-18T15:07:21.620396,3.9557621479034424,-0.078125,0.0078125,0
2025-10-18T15:07:21.622397,3.9557621479034424,0.0234375,0.0,0
2025-10-18T15:07:21.624397,3.9557621479034424,0.0234375,0.0,0
2025-10-18T15:07:21.626398,3.9557621479034424,0.0234375,0.0,0
2025-10-18T15:07:21.628395,3.956145763397217,0.171875,0.0078125,0
2025-10-18T15:07:21.630398,3.956145763397217,0.0,0.01953125,0
2025-10-18T15:07:21.632397,3.956529140472412,0.9609375,-0.015625,0
2025-10-18T15:07:21.634397,3.956145763397217,-0.8515625,0.01171875,0
2025-10-18T15:07:21.636397,3.956145763397217,-0.015625,0.015625,0
2025-10-18T15:07:21.638433,3.956145763397217,-0.390625,0.0,0
2025-10-18T15:07:21.641404,3.956145763397217,-0.1953125,0.0,0
2025-10-18T15:07:21.643424,3.9557621479034424,-1.171875,0.00390625,0
2025-10-18T15:07:21.646404,3.956145763397217,0.28125,0.02734375,0
2025-10-18T15:07:21.649392,3.956145763397217,0.609375,-0.00390625,0
2025-10-18T15:07:21.652435,3.956145763397217,-0.0546875,0.01171875,0
2025-10-18T15:07:21.655404,3.956145763397217,-0.03125,0.0078125,0
2025-10-18T15:07:21.657419,3.956145763397217,-0.625,0.01953125,0
2025-10-18T15:07:21.660392,3.956529140472412,0.125,-0.015625,0
2025-10-18T15:07:21.663391,3.956529140472412,0.8046875,0.0,0
2025-10-18T15:07:21.665406,3.956145763397217,0.0,0.015625,0
2025-10-18T15:07:21.668404,3.956145763397217,0.0,-0.0078125,0
2025-10-18T15:07:21.670401,3.9557621479034424,-1.09375,0.0,0
2025-10-18T15:07:21.672398,3.9557621479034424,-1.359375,-0.00390625,0
2025-10-18T15:07:21.674395,3.956145763397217,0.0,0.0078125,0
2025-10-18T15:07:21.676396,3.956145763397217,-0.21875,-0.0078125,0
2025-10-18T15:07:21.678398,3.956145763397217,-0.8125,0.0,0
2025-10-18T15:07:21.680400,3.956529140472412,1.21875,0.0,0
2025-10-18T15:07:21.682398,3.956145763397217,-0.84375,-0.0078125,0
2025-10-18T15:07:21.684396,3.956529140472412,0.59375,0.00390625,0
2025-10-18T15:07:21.686396,3.956529140472412,0.140625,-0.00390625,0
2025-10-18T15:07:21.688400,3.956529140472412,0.796875,-0.015625,0
2025-10-18T15:07:21.690395,3.956145763397217,-0.5078125,0.0,0
2025-10-18T15:07:21.692399,3.956529140472412,0.734375,0.0,0
2025-10-18T15:07:21.694399,3.956145763397217,0.0234375,0.0,0
2025-10-18T15:07:21.696398,3.956145763397217,0.5390625,0.00390625,0
2025-10-18T15:07:21.698393,3.956145763397217,-0.0703125,0.0,0
2025-10-18T15:07:21.700392,3.956145763397217,-0.8359375,-0.0078125,0
2025-10-18T15:07:21.702396,3.956529140472412,1.109375,0.0,0
2025-10-18T15:07:21.704394,3.956529140472412,0.4375,0.0,0
2025-10-18T15:07:21.706393,3.956529140472412,0.3671875,0.0078125,0
2025-10-18T15:07:21.708393,3.956529140472412,0.59375,0.015625,0
2025-10-18T15:07:21.710393,3.956145763397217,-0.0078125,0.0,0
2025-10-18T15:07:21.712391,3.956145763397217,0.4375,0.015625,0
2025-10-18T15:07:21.714391,3.956145763397217,1.1328125,-0.0078125,0
2025-10-18T15:07:21.716392,3.956145763397217,0.1875,0.0078125,0
2025-10-18T15:07:21.718396,3.956145763397217,-0.1484375,0.0,0
2025-10-18T15:07:21.720391,3.956145763397217,-1.1953125,0.0,0
2025-10-18T15:07:21.722392,3.956529140472412,0.0,0.0,0
2025-10-18T15:07:21.724393,3.956145763397217,-1.5078125,0.01171875,0
2025-10-18T15:07:21.726393,3.956145763397217,-0.3046875,0.0,0
2025-10-18T15:07:21.728392,3.956145763397217,0.0234375,0.00390625,0
2025-10-18T15:07:21.730389,3.956145763397217,1.0546875,0.0,0
2025-10-18T15:07:21.732389,3.9557621479034424,-0.7265625,-0.00390625,0
2025-10-18T15:07:21.734392,3.9557621479034424,0.0,0.0,0
2025-10-18T15:07:21.736390,3.9557621479034424,-0.671875,-0.0078125,0
2025-10-18T15:07:21.738390,3.9557621479034424,-0.46875,-0.015625,0
2025-10-18T15:07:21.740391,3.956145763397217,0.4375,-0.0234375,0
2025-10-18T15:07:21.742388,3.956145763397217,-0.0703125,0.015625,0
2025-10-18T15:07:21.744391,3.956145763397217,-0.5859375,0.0,0
2025-10-18T15:07:21.746387,3.956529140472412,0.4453125,-0.00390625,0
2025-10-18T15:07:21.748389,3.956529140472412,0.890625,-0.01171875,0
2025-10-18T15:07:21.750439,3.956529140472412,0.7734375,-0.01171875,0
2025-10-18T15:07:21.753393,3.956145763397217,-0.3046875,0.0,0
2025-10-18T15:07:21.755393,3.956145763397217,-0.0390625,0.00390625,0
2025-10-18T15:07:21.757391,3.9557621479034424,-0.4140625,-0.00390625,0
2025-10-18T15:07:21.759392,3.9557621479034424,-1.0,0.0,0
2025-10-18T15:07:21.761392,3.9557621479034424,-0.59375,0.0,0
2025-10-18T15:07:21.763389,3.9557621479034424,-0.5390625,-0.0234375,0
2025-10-18T15:07:21.765388,3.956145763397217,0.0,-0.00390625,0
2025-10-18T15:07:21.767387,3.956145763397217,-0.0234375,-0.00390625,0
2025-10-18T15:07:21.769388,3.956145763397217,0.90625,0.0078125,0
2025-10-18T15:07:21.771388,3.956145763397217,-0.015625,0.0078125,0
2025-10-18T15:07:21.773389,3.956145763397217,0.0,0.0,0
2025-10-18T15:07:21.775388,3.956145763397217,-0.109375,0.0078125,0
2025-10-18T15:07:21.778406,3.956145763397217,0.0,-0.0078125,0
2025-10-18T15:07:21.781406,3.956145763397217,0.671875,-0.015625,0
2025-10-18T15:07:21.784406,3.956145763397217,0.4765625,0.015625,0
2025-10-18T15:07:21.787700,3.956145763397217,0.0390625,0.00390625,0
2025-10-18T15:07:21.790410,3.956529140472412,1.171875,0.01953125,0
2025-10-18T15:07:21.793412,3.956145763397217,-0.2109375,0.00390625,0
2025-10-18T15:07:21.796399,3.956145763397217,0.140625,0.00390625,0
2025-10-18T15:07:21.798388,3.956145763397217,0.0,-0.00390625,0
2025-10-18T15:07:21.801423,3.956145763397217,0.5,0.0,0
2025-10-18T15:07:21.804395,3.956145763397217,-0.7890625,0.0390625,0
2025-10-18T15:07:21.807423,3.956529140472412,0.0,-0.0078125,0
2025-10-18T15:07:21.810417,3.956529140472412,0.1796875,0.00390625,0
2025-10-18T15:07:21.813389,3.956145763397217,-0.28125,0.0,0
2025-10-18T15:07:21.815387,3.956145763397217,0.1015625,0.0,0
2025-10-18T15:07:21.818404,3.956145763397217,0.4296875,0.0,0
2025-10-18T15:07:21.821394,3.956529140472412,1.1640625,0.015625,0
2025-10-18T15:07:21.823390,3.956145763397217,-0.8515625,0.0,0
2025-10-18T15:07:21.825404,3.956529140472412,0.7421875,-0.01171875,0
2025-10-18T15:07:21.828400,3.956145763397217,-0.0390625,-0.00390625,0
2025-10-18T15:07:21.831390,3.956145763397217,0.3671875,0.0,0
2025-10-18T15:07:21.833387,3.9557621479034424,-0.5234375,0.00390625,0
2025-10-18T15:07:21.835395,3.956145763397217,0.8046875,-0.00390625,0
2025-10-18T15:07:21.838421,3.956529140472412,0.890625,0.00390625,0
2025-10-18T15:07:21.841408,3.956529140472412,0.0078125,0.0,0
2025-10-18T15:07:21.844397,3.956529140472412,0.8671875,0.0,0
2025-10-18T15:07:21.847497,3.956145763397217,0.5390625,-0.03125,0
2025-10-18T15:07:21.851494,3.9557621479034424,-0.046875,-0.0078125,0
2025-10-18T15:07:21.854426,3.9557621479034424,-0.0859375,-0.0078125,0
2025-10-18T15:07:21.857432,3.956145763397217,0.1953125,0.0,0
2025-10-18T15:07:21.860415,3.956529140472412,0.2890625,0.0078125,0
2025-10-18T15:07:21.863379,3.956529140472412,0.0546875,0.0,0
2025-10-18T15:07:21.865385,3.956529140472412,0.7265625,0.0,0
2025-10-18T15:07:21.867384,3.956145763397217,-0.03125,0.0,0
2025-10-18T15:07:21.869384,3.9557621479034424,-1.0703125,0.0,0
2025-10-18T15:07:21.871383,3.9557621479034424,-0.1015625,-0.0078125,0
2025-10-18T15:07:21.873385,3.9557621479034424,-0.0546875,0.00390625,0
2025-10-18T15:07:21.875383,3.9557621479034424,-0.3671875,0.01171875,0
2025-10-18T15:07:21.877382,3.956145763397217,0.2265625,0.0234375,0
2025-10-18T15:07:21.879385,3.956145763397217,0.0,0.00390625,0
2025-10-18T15:07:21.881382,3.956145763397217,-0.28125,-0.00390625,0
2025-10-18T15:07:21.883383,3.956145763397217,-0.828125,-0.0078125,0
2025-10-18T15:07:21.885383,3.956145763397217,-0.6875,-0.0078125,0
2025-10-18T15:07:21.887382,3.956145763397217,-0.6796875,-0.0078125,0
2025-10-18T15:07:21.889383,3.956529140472412,1.015625,-0.01953125,0
2025-10-18T15:07:21.891383,3.956145763397217,-0.6640625,0.00390625,0
2025-10-18T15:07:21.893382,3.956529140472412,0.5703125,0.0078125,0
2025-10-18T15:07:21.895380,3.956145763397217,0.0078125,0.0,0
2025-10-18T15:07:21.897382,3.956145763397217,0.7109375,0.0,0
2025-10-18T15:07:21.900377,3.956145763397217,1.3125,-0.0078125,0
2025-10-18T15:07:21.902402,3.956145763397217,0.359375,0.00390625,0
2025-10-18T15:07:21.905403,3.956529140472412,0.9375,0.01171875,0
2025-10-18T15:07:21.908376,3.956145763397217,-0.6328125,0.01171875,0
2025-10-18T15:07:21.911473,3.9569127559661865,0.53125,0.0,0
2025-10-18T15:07:21.914385,3.956145763397217,-0.15625,0.00390625,0
2025-10-18T15:07:21.917375,3.956145763397217,0.28125,0.0,0
2025-10-18T15:07:21.919384,3.9557621479034424,-1.203125,0.0,0
2025-10-18T15:07:21.921382,3.9557621479034424,-1.421875,0.00390625,0
2025-10-18T15:07:21.923381,3.956145763397217,0.3125,-0.0078125,0
2025-10-18T15:07:21.926385,3.956145763397217,-1.21875,0.0078125,0
2025-10-18T15:07:21.929384,3.956529140472412,0.2734375,0.0,0
2025-10-18T15:07:21.931378,3.956145763397217,-0.4921875,0.0,0
2025-10-18T15:07:21.933379,3.956145763397217,-0.0078125,0.0,0
2025-10-18T15:07:21.935378,3.956145763397217,-0.28125,0.01171875,0
2025-10-18T15:07:21.937381,3.956145763397217,-0.640625,0.015625,0
2025-10-18T15:07:21.939384,3.956529140472412,0.28125,0.01953125,0
2025-10-18T15:07:21.941382,3.956529140472412,0.1953125,0.0078125,0
2025-10-18T15:07:21.943378,3.956529140472412,0.2578125,-0.0078125,0
2025-10-18T15:07:21.945376,3.956529140472412,1.1328125,0.00390625,0
2025-10-18T15:07:21.947379,3.956145763397217,-0.5546875,0.015625,0
2025-10-18T15:07:21.949382,3.956145763397217,0.0,0.0,0
2025-10-18T15:07:21.951385,3.956145763397217,0.046875,0.0234375,0
2025-10-18T15:07:21.953380,3.956145763397217,0.1015625,-0.00390625,0
2025-10-18T15:07:21.956421,3.956145763397217,0.0,-0.00390625,0
2025-10-18T15:07:21.959383,3.956529140472412,0.1171875,0.0,0
2025-10-18T15:07:21.961380,3.956529140472412,0.0,0.0078125,0
2025-10-18T15:07:21.963377,3.956529140472412,0.0,-0.0234375,0
2025-10-18T15:07:21.965377,3.956529140472412,-0.0078125,0.0,0
2025-10-18T15:07:21.967391,3.956529140472412,0.625,0.01171875,0
2025-10-18T15:07:21.969380,3.956145763397217,0.0859375,-0.01171875,0
2025-10-18T15:07:21.971378,3.956145763397217,1.1484375,0.00390625,0
2025-10-18T15:07:21.973377,3.9557621479034424,-0.0078125,0.0,0
2025-10-18T15:07:21.975379,3.9557621479034424,-0.6875,-0.01171875,0
2025-10-18T15:07:21.977376,3.956145763397217,0.15625,0.01953125,0
2025-10-18T15:07:21.979379,3.956145763397217,-0.1796875,0.03125,0
2025-10-18T15:07:21.981378,3.9569127559661865,1.2265625,0.00390625,0
2025-10-18T15:07:21.983377,3.956529140472412,-1.40625,-0.0078125,0
2025-10-18T15:07:21.985375,3.9569127559661865,0.4140625,0.015625,0
2025-10-18T15:07:21.987376,3.956529140472412,-0.046875,-0.00390625,0
2025-10-18T15:07:21.989376,3.956145763397217,-0.0859375,0.00390625,0
2025-10-18T15:07:21.991374,3.9557621479034424,-0.3984375,-0.0078125,0
2025-10-18T15:07:21.993377,3.955378770828247,-1.4140625,-0.0078125,0
2025-10-18T15:07:21.995378,3.955378770828247,-0.2890625,0.015625,0
2025-10-18T15:07:21.997377,3.9557621479034424,0.6640625,0.0,0
2025-10-18T15:07:21.999375,3.9557621479034424,-0.0546875,0.0,0
2025-10-18T15:07:22.001376,3.956145763397217,0.0078125,0.00390625,0
2025-10-18T15:07:22.003375,3.956529140472412,0.765625,0.015625,0
2025-10-18T15:07:22.005374,3.956529140472412,0.0,0.0,0
2025-10-18T15:07:22.007376,3.956529140472412,-0.3828125,0.00390625,0
2025-10-18T15:07:22.009377,3.956529140472412,-0.0546875,-0.00390625,0
2025-10-18T15:07:22.011375,3.956529140472412,0.046875,0.0078125,0
2025-10-18T15:07:22.013376,3.956145763397217,0.0,0.0078125,0
2025-10-18T15:07:22.015379,3.9557621479034424,-0.046875,-0.0078125,0
2025-10-18T15:07:22.017377,3.9557621479034424,0.0546875,0.01171875,0
2025-10-18T15:07:22.019377,3.955378770828247,-0.53125,0.01171875,0
2025-10-18T15:07:22.021378,3.956145763397217,1.265625,0.0,0
2025-10-18T15:07:22.023377,3.956145763397217,0.0546875,-0.00390625,0
2025-10-18T15:07:22.025377,3.956529140472412,1.390625,-0.0078125,0
2025-10-18T15:07:22.027378,3.956529140472412,0.1484375,0.0,0
2025-10-18T15:07:22.029377,3.956529140472412,0.0,-0.0078125,0
2025-10-18T15:07:22.031379,3.956529140472412,0.3515625,-0.00390625,0
2025-10-18T15:07:22.033378,3.956145763397217,-0.1953125,0.0,0
2025-10-18T15:07:22.035379,3.956145763397217,0.7265625,0.0,0
2025-10-18T15:07:22.037378,3.9557621479034424,0.0,0.0,0
2025-10-18T15:07:22.039379,3.9557621479034424,0.203125,-0.00390625,0
2025-10-18T15:07:22.041385,3.955378770828247,-0.4296875,0.01171875,0
2025-10-18T15:07:22.043382,3.956145763397217,1.53125,-0.01171875,0
2025-10-18T15:07:22.045382,3.956145763397217,0.03125,0.01171875,0
2025-10-18T15:07:22.047383,3.956145763397217,-0.953125,0.0,0
2025-10-18T15:07:22.049381,3.956529140472412,-0.515625,-0.0078125,0
2025-10-18T15:07:22.051383,3.9569127559661865,0.5546875,0.015625,0
2025-10-18T15:07:22.053383,3.9569127559661865,0.78125,0.0234375,0
2025-10-18T15:07:22.055383,3.956529140472412,-0.0078125,0.0,0
2025-10-18T15:07:22.057384,3.956145763397217,-0.21875,0.0,0
2025-10-18T15:07:22.060395,3.9557621479034424,-0.15625,0.0,0
2025-10-18T15:07:22.062386,3.9557621479034424,0.0078125,-0.02734375,0
2025-10-18T15:07:22.064384,3.9557621479034424,0.0,0.0,0
2025-10-18T15:07:22.066386,3.956145763397217,0.4609375,-0.00390625,0
2025-10-18T15:07:22.068385,3.956529140472412,1.0546875,-0.01171875,0
2025-10-18T15:07:22.070384,3.956529140472412,0.0,0.0,0
2025-10-18T15:07:22.072386,3.956529140472412,0.0,0.01953125,0
2025-10-18T15:07:22.074387,3.956529140472412,0.0078125,0.00390625,0
2025-10-18T15:07:22.076386,3.956145763397217,-0.71875,0.0,0
2025-10-18T15:07:22.078386,3.956145763397217,0.0,-0.015625,0
2025-10-18T15:07:22.080383,3.956145763397217,1.171875,0.0,0
2025-10-18T15:07:22.082390,3.9557621479034424,-0.296875,0.00390625,0
2025-10-18T15:07:22.084385,3.956145763397217,0.40625,-0.0078125,0
2025-10-18T15:07:22.086385,3.956145763397217,-0.9140625,-0.00390625,0
2025-10-18T15:07:22.088386,3.956145763397217,-0.7578125,-0.0078125,0
2025-10-18T15:07:22.090386,3.956529140472412,0.03125,0.03125,0
2025-10-18T15:07:22.092386,3.956529140472412,0.3203125,0.0078125,0
2025-10-18T15:07:22.094387,3.956145763397217,-0.0234375,0.0,0
2025-10-18T15:07:22.096386,3.956145763397217,0.8046875,-0.00390625,0
2025-10-18T15:07:22.098386,3.9557621479034424,-0.046875,0.0,0
2025-10-18T15:07:22.100387,3.9557621479034424,0.296875,0.0,0
2025-10-18T15:07:22.102369,3.9557621479034424,0.0,0.0,0
2025-10-18T15:07:22.104388,3.9557621479034424,-0.453125,-0.00390625,0
2025-10-18T15:07:22.106370,3.956145763397217,-0.21875,0.0,0
2025-10-18T15:07:22.108406,3.956145763397217,-0.2265625,-0.00390625,0
2025-10-18T15:07:22.110389,3.956529140472412,0.0078125,-0.0078125,0
2025-10-18T15:07:22.112369,3.956529140472412,0.03125,-0.01171875,0
2025-10-18T15:07:22.114370,3.956529140472412,0.0,0.03125,0
2025-10-18T15:07:22.116369,3.956145763397217,-0.125,-0.00390625,0
2025-10-18T15:07:22.118369,3.9557621479034424,-0.78125,0.00390625,0
2025-10-18T15:07:22.120370,3.955378770828247,-0.9140625,0.0,0
2025-10-18T15:07:22.122369,3.955378770828247,-0.640625,0.0078125,0
2025-10-18T15:07:22.124370,3.955378770828247,-0.0078125,-0.0078125,0
2025-10-18T15:07:22.126369,3.9557621479034424,0.9453125,0.0,0
2025-10-18T15:07:22.128368,3.956145763397217,0.5703125,0.0078125,0
2025-10-18T15:07:22.130368,3.956529140472412,0.046875,0.0,0
2025-10-18T15:07:22.132367,3.956529140472412,-0.015625,0.01953125,0
2025-10-18T15:07:22.134368,3.956529140472412,-0.4453125,-0.0078125,0
2025-10-18T15:07:22.136373,3.956529140472412,-0.96875,-0.015625,0
2025-10-18T15:07:22.138374,3.956145763397217,-0.75,0.0078125,0
2025-10-18T15:07:22.140369,3.956145763397217,0.109375,0.0,0
2025-10-18T15:07:22.142370,3.955378770828247,-0.984375,0.00390625,0
2025-10-18T15:07:22.144369,3.955378770828247,-0.3125,-0.0078125,0
2025-10-18T15:07:22.146368,3.955378770828247,-0.328125,-0.01171875,0
2025-10-18T15:07:22.148368,3.9557621479034424,0.625,0.0078125,0
2025-10-18T15:07:22.150370,3.956145763397217,0.15625,-0.0078125,0
2025-10-18T15:07:22.153360,3.956529140472412,0.140625,-0.00390625,0
2025-10-18T15:07:22.155368,3.956529140472412,-0.3359375,0.0,0
2025-10-18T15:07:22.157369,3.956529140472412,-0.1328125,0.00390625,0
2025-10-18T15:07:22.159369,3.956145763397217,-0.8359375,0.0,0
2025-10-18T15:07:22.161365,3.956145763397217,0.1953125,0.00390625,0
2025-10-18T15:07:22.163366,3.955378770828247,-0.171875,0.0,0
2025-10-18T15:07:22.165365,3.955378770828247,-0.2421875,-0.015625,0
2025-10-18T15:07:22.167366,3.955378770828247,0.0546875,-0.00390625,0
2025-10-18T15:07:22.169370,3.9557621479034424,1.078125,0.0,0
2025-10-18T15:07:22.171367,3.956145763397217,0.9453125,0.0,0
2025-10-18T15:07:22.173365,3.956529140472412,1.2421875,0.03515625,0
2025-10-18T15:07:22.175365,3.956529140472412,-0.3359375,-0.015625,0
2025-10-18T15:07:22.177364,3.9569127559661865,0.0546875,-0.015625,0
2025-10-18T15:07:22.179363,3.956529140472412,-1.03125,0.02734375,0
2025-10-18T15:07:22.181363,3.9569127559661865,1.40625,0.00390625,0
2025-10-18T15:07:22.183383,3.956145763397217,-0.75,0.02734375,0
2025-10-18T15:07:22.186492,3.956145763397217,0.3515625,-0.0078125,0
2025-10-18T15:07:22.190426,3.955378770828247,-1.015625,-0.00390625,0
2025-10-18T15:07:22.193422,3.9557621479034424,0.03125,-0.015625,0
2025-10-18T15:07:22.196403,3.956145763397217,0.296875,0.00390625,0
2025-10-18T15:07:22.199397,3.956529140472412,0.015625,0.0,0
2025-10-18T15:07:22.202396,3.956529140472412,0.0,0.0,0
2025-10-18T15:07:22.205438,3.956145763397217,-0.0234375,0.0,0
2025-10-18T15:07:22.208379,3.9557621479034424,-0.0078125,0.0078125,0
2025-10-18T15:07:22.211374,3.9557621479034424,0.75,0.00390625,0
2025-10-18T15:07:22.214375,3.9557621479034424,0.0546875,0.0,0
2025-10-18T15:07:22.217369,3.956145763397217,0.03125,0.0,0
2025-10-18T15:07:22.220374,3.956529140472412,0.0,0.00390625,0
2025-10-18T15:07:22.223399,3.956529140472412,-0.6796875,0.00390625,0
2025-10-18T15:07:22.226379,3.956145763397217,-1.2265625,0.0,0
2025-10-18T15:07:22.229393,3.956145763397217,1.140625,0.0078125,0
2025-10-18T15:07:22.232378,3.955378770828247,-0.9765625,0.0,0
2025-10-18T15:07:22.235401,3.9557621479034424,-0.2734375,0.0,0
2025-10-18T15:07:22.238394,3.956145763397217,0.0,0.0,0
2025-10-18T15:07:22.241397,3.956529140472412,0.0,-0.0078125,0
2025-10-18T15:07:22.244380,3.956529140472412,0.0,0.0078125,0
2025-10-18T15:07:22.247379,3.956145763397217,-0.078125,0.0,0
2025-10-18T15:07:22.250394,3.956145763397217,0.0,0.0,0
2025-10-18T15:07:22.253392,3.9557621479034424,-0.0078125,0.0078125,0
2025-10-18T15:07:22.256386,3.955378770828247,-1.2265625,-0.00390625,0
2025-10-18T15:07:22.259414,3.9557621479034424,-0.828125,0.00390625,0
2025-10-18T15:07:22.262395,3.956529140472412,0.7265625,0.0,0
2025-10-18T15:07:22.265362,3.956145763397217,-0.59375,0.0078125,0
2025-10-18T15:07:22.267363,3.956529140472412,1.265625,-0.0078125,0
2025-10-18T15:07:22.269359,3.956145763397217,-0.0625,0.0,0
2025-10-18T15:07:22.271364,3.956145763397217,0.3671875,0.0078125,0
2025-10-18T15:07:22.273360,3.9557621479034424,0.1328125,0.0078125,0
2025-10-18T15:07:22.275362,3.9557621479034424,0.0,0.0,0
2025-10-18T15:07:22.277367,3.9557621479034424,0.0625,0.0,0
2025-10-18T15:07:22.279360,3.956145763397217,0.390625,0.0,0
2025-10-18T15:07:22.281359,3.956145763397217,-0.4453125,0.0078125,0
2025-10-18T15:07:22.283358,3.956145763397217,-1.53125,0.00390625,0
2025-10-18T15:07:22.285359,3.956529140472412,0.0,-0.00390625,0
2025-10-18T15:07:22.287359,3.956529140472412,0.0546875,0.00390625,0
2025-10-18T15:07:22.289360,3.956529140472412,1.3671875,0.01171875,0
2025-10-18T15:07:22.291358,3.956145763397217,-0.1171875,0.0,0
2025-10-18T15:07:22.293360,3.956145763397217,0.0,0.0078125,0
2025-10-18T15:07:22.295356,3.956145763397217,0.0,-0.0078125,0
2025-10-18T15:07:22.297360,3.956529140472412,1.359375,-0.01171875,0
2025-10-18T15:07:22.299378,3.956529140472412,0.3515625,0.0,0
2025-10-18T15:07:22.301360,3.956529140472412,-0.0234375,-0.00390625,0
2025-10-18T15:07:22.303358,3.956529140472412,0.03125,0.015625,0
2025-10-18T15:07:22.305359,3.956145763397217,-0.4921875,-0.00390625,0
2025-10-18T15:07:22.307356,3.956145763397217,0.0,0.01171875,0
2025-10-18T15:07:22.309357,3.956145763397217,0.0,-0.00390625,0
2025-10-18T15:07:22.311356,3.956145763397217,0.0,-0.015625,0
2025-10-18T15:07:22.313356,3.9557621479034424,-0.234375,-0.00390625,0
2025-10-18T15:07:22.315359,3.956145763397217,1.21875,-0.00390625,0
2025-10-18T15:07:22.317356,3.9557621479034424,-0.171875,-0.0078125,0
2025-10-18T15:07:22.319358,3.9557621479034424,-0.9921875,0.0,0
2025-10-18T15:07:22.321356,3.956145763397217,0.453125,0.0,0
2025-10-18T15:07:22.323358,3.956145763397217,0.1796875,0.01953125,0
2025-10-18T15:07:22.325357,3.956145763397217,-0.6171875,0.0234375,0
2025-10-18T15:07:22.327357,3.956529140472412,0.140625,-0.00390625,0
2025-10-18T15:07:22.329356,3.956529140472412,-0.1796875,0.0,0
2025-10-18T15:07:22.331355,3.956529140472412,0.0,0.0,0
2025-10-18T15:07:22.333357,3.956145763397217,-0.765625,-0.0078125,0
2025-10-18T15:07:22.335355,3.956145763397217,-0.0546875,0.0,0
2025-10-18T15:07:22.337355,3.9557621479034424,-1.203125,-0.00390625,0
2025-10-18T15:07:22.340369,3.956145763397217,0.7890625,0.0,0
2025-10-18T15:07:22.342359,3.9557621479034424,-1.15625,0.015625,0
2025-10-18T15:07:22.344354,3.956145763397217,-0.1171875,-0.00390625,0
2025-10-18T15:07:22.346355,3.956145763397217,-0.546875,-0.0078125,0
2025-10-18T15:07:22.348355,3.956145763397217,-0.859375,-0.015625,0
2025-10-18T15:07:22.350360,3.956145763397217,-0.0390625,-0.01171875,0
2025-10-18T15:07:22.353349,3.956145763397217,0.0859375,0.0,0
2025-10-18T15:07:22.355358,3.9557621479034424,-1.4375,0.00390625,0
2025-10-18T15:07:22.357353,3.9557621479034424,-1.40625,0.0,0
2025-10-18T15:07:22.360357,3.956145763397217,0.015625,0.0,0
2025-10-18T15:07:22.362359,3.956145763397217,-0.90625,0.00390625,0
2025-10-18T15:07:22.364355,3.956529140472412,0.0546875,0.01171875,0
2025-10-18T15:07:22.366356,3.956529140472412,0.03125,0.0078125,0
2025-10-18T15:07:22.368354,3.956529140472412,0.75,0.01171875,0
2025-10-18T15:07:22.370356,3.956145763397217,-0.3203125,-0.00390625,0
2025-10-18T15:07:22.372356,3.956145763397217,0.0,0.0,0
2025-10-18T15:07:22.374357,3.9557621479034424,-1.46875,0.00390625,0
2025-10-18T15:07:22.376354,3.9557621479034424,-0.84375,0.03515625,0
2025-10-18T15:07:22.378352,3.956145763397217,0.0,0.01953125,0
2025-10-18T15:07:22.380360,3.956145763397217,-0.0234375,0.00390625,0
2025-10-18T15:07:22.382356,3.956145763397217,-0.8203125,0.01171875,0
2025-10-18T15:07:22.384355,3.956529140472412,0.3671875,0.01953125,0
2025-10-18T15:07:22.386354,3.956529140472412,0.140625,-0.00390625,0
2025-10-18T15:07:22.388373,3.956529140472412,0.015625,0.01171875,0
2025-10-18T15:07:22.390356,3.956145763397217,-1.3828125,-0.01171875,0
2025-10-18T15:07:22.392352,3.956529140472412,0.0390625,0.00390625,0
2025-10-18T15:07:22.394351,3.956145763397217,-0.0859375,-0.00390625,0
2025-10-18T15:07:22.396352,3.9557621479034424,-1.203125,0.02734375,0
2025-10-18T15:07:22.398351,3.956145763397217,0.7890625,0.02734375,0
2025-10-18T15:07:22.400353,3.9557621479034424,-0.375,0.01953125,0
2025-10-18T15:07:22.402351,3.9557621479034424,-0.1640625,0.0078125,0
2025-10-18T15:07:22.404353,3.9557621479034424,-0.0078125,0.00390625,0
2025-10-18T15:07:22.406353,3.956145763397217,0.75,0.0,0
2025-10-18T15:07:22.408353,3.956529140472412,1.1171875,-0.00390625,0
2025-10-18T15:07:22.410353,3.9569127559661865,1.2578125,-0.00390625,0
2025-10-18T15:07:22.412351,3.9569127559661865,0.375,0.0,0
2025-10-18T15:07:22.414359,3.956529140472412,-0.453125,0.0,0
2025-10-18T15:07:22.416351,3.956529140472412,-0.0546875,0.015625,0
2025-10-18T15:07:22.418354,3.956145763397217,-0.046875,0.0078125,0
2025-10-18T15:07:22.420352,3.9557621479034424,-0.1796875,0.00390625,0
2025-10-18T15:07:22.422352,3.9557621479034424,0.5703125,-0.0078125,0
2025-10-18T15:07:22.424353,3.955378770828247,0.0,0.0,0
2025-10-18T15:07:22.426351,3.955378770828247,-0.0703125,0.0,0
2025-10-18T15:07:22.428349,3.9557621479034424,0.0078125,0.0,0
2025-10-18T15:07:22.430350,3.956145763397217,0.203125,0.0,0
2025-10-18T15:07:22.432352,3.956145763397217,-0.75,-0.00390625,0
2025-10-18T15:07:22.434351,3.956529140472412,0.0,0.0,0
2025-10-18T15:07:22.436353,3.956529140472412,-0.0546875,0.0,0
2025-10-18T15:07:22.438348,3.956529140472412,0.0,0.00390625,0
2025-10-18T15:07:22.440349,3.956145763397217,-0.3671875,-0.015625,0
2025-10-18T15:07:22.442349,3.956145763397217,0.5390625,0.0,0
2025-10-18T15:07:22.444347,3.956145763397217,0.1328125,0.0,0
2025-10-18T15:07:22.446349,3.9557621479034424,-0.828125,0.00390625,0
2025-10-18T15:07:22.448348,3.956145763397217,0.90625,-0.01171875,0
2025-10-18T15:07:22.450349,3.956145763397217,-0.765625,0.0,0
2025-10-18T15:07:22.452350,3.956145763397217,0.0078125,0.015625,0
2025-10-18T15:07:22.454351,3.956145763397217,0.0,0.0,0
2025-10-18T15:07:22.456352,3.956145763397217,-1.171875,0.015625,0
2025-10-18T15:07:22.458350,3.956529140472412,0.71875,0.0,0
2025-10-18T15:07:22.460350,3.956529140472412,0.546875,-0.00390625,0
2025-10-18T15:07:22.462346,3.956145763397217,0.140625,0.0,0
2025-10-18T15:07:22.464368,3.956145763397217,0.5390625,0.0078125,0
2025-10-18T15:07:22.467353,3.9557621479034424,0.0,-0.00390625,0
2025-10-18T15:07:22.469352,3.9557621479034424,-0.03125,0.00390625,0
2025-10-18T15:07:22.471350,3.9557621479034424,-0.5703125,0.015625,0
2025-10-18T15:07:22.473382,3.956145763397217,0.0390625,-0.00390625,0
2025-10-18T15:07:22.476344,3.956529140472412,1.109375,0.015625,0
2025-10-18T15:07:22.478351,3.956145763397217,-0.0078125,0.0,0
2025-10-18T15:07:22.480349,3.956145763397217,0.7734375,-0.0078125,0
2025-10-18T15:07:22.483374,3.9557621479034424,-0.65625,0.0078125,0
2025-10-18T15:07:22.486380,3.956145763397217,-0.109375,0.0078125,0
2025-10-18T15:07:22.489343,3.956529140472412,0.2578125,-0.015625,0
2025-10-18T15:07:22.491349,3.956529140472412,0.0,0.00390625,0
2025-10-18T15:07:22.493347,3.956529140472412,-0.1875,0.00390625,0
2025-10-18T15:07:22.495349,3.956529140472412,1.1875,0.0,0
2025-10-18T15:07:22.497348,3.956145763397217,-0.2109375,0.0,0
2025-10-18T15:07:22.499348,3.956145763397217,0.6875,0.0,0
2025-10-18T15:07:22.501347,3.9557621479034424,0.0625,0.00390625,0
2025-10-18T15:07:22.503347,3.9557621479034424,0.09375,0.0,0
2025-10-18T15:07:22.505346,3.9557621479034424,-0.1875,-0.01171875,0
2025-10-18T15:07:22.507354,3.956145763397217,0.6640625,-0.00390625,0
2025-10-18T15:07:22.509348,3.956145763397217,0.0,-0.015625,0
2025-10-18T15:07:22.511347,3.956145763397217,0.0,-0.00390625,0
2025-10-18T15:07:22.513348,3.956145763397217,-0.921875,0.0,0
2025-10-18T15:07:22.515346,3.956145763397217,-0.234375,0.01171875,0
2025-10-18T15:07:22.517345,3.956145763397217,0.0,0.00390625,0
2025-10-18T15:07:22.519347,3.956145763397217,-0.0859375,-0.0078125,0
2025-10-18T15:07:22.521345,3.956529140472412,1.5859375,0.00390625,0
2025-10-18T15:07:22.523348,3.956145763397217,0.0,0.0078125,0
2025-10-18T15:07:22.525345,3.956145763397217,-0.2890625,0.0,0
2025-10-18T15:07:22.527344,3.956145763397217,-0.0703125,-0.0078125,0
2025-10-18T15:07:22.529346,3.956529140472412,-0.6328125,-0.0078125,0
2025-10-18T15:07:22.531346,3.956529140472412,1.390625,0.0,0
2025-10-18T15:07:22.533346,3.956145763397217,-0.734375,-0.02734375,0
2025-10-18T15:07:22.535345,3.956145763397217,0.390625,0.0,0
2025-10-18T15:07:22.537345,3.956145763397217,0.8125,-0.01953125,0
2025-10-18T15:07:22.539345,3.9557621479034424,0.0,0.0078125,0
2025-10-18T15:07:22.541353,3.9557621479034424,0.0,0.0,0
2025-10-18T15:07:22.543350,3.956145763397217,0.2890625,-0.01171875,0
2025-10-18T15:07:22.545345,3.956529140472412,1.53125,0.01953125,0
2025-10-18T15:07:22.547344,3.956529140472412,0.0078125,0.0,0
2025-10-18T15:07:22.549370,3.9569127559661865,0.734375,0.0,0
2025-10-18T15:07:22.552341,3.9569127559661865,0.4921875,0.00390625,0
2025-10-18T15:07:22.555337,3.956145763397217,-1.1796875,-0.00390625,0
2025-10-18T15:07:22.557343,3.9557621479034424,-0.828125,-0.01171875,0
2025-10-18T15:07:22.559346,3.9557621479034424,0.9140625,-0.015625,0
2025-10-18T15:07:22.561342,3.955378770828247,-0.015625,0.0,0
2025-10-18T15:07:22.563348,3.955378770828247,0.0,0.0078125,0
2025-10-18T15:07:22.565344,3.9557621479034424,0.40625,0.0,0
2025-10-18T15:07:22.567345,3.956145763397217,0.2578125,0.00390625,0
2025-10-18T15:07:22.569345,3.956529140472412,0.0,0.0,0
2025-10-18T15:07:22.571344,3.956529140472412,-0.1953125,0.0,0
2025-10-18T15:07:22.573344,3.9569127559661865,1.359375,0.015625,0
2025-10-18T15:07:22.575343,3.956529140472412,0.0,-0.01953125,0
2025-10-18T15:07:22.578346,3.956145763397217,-0.2265625,0.01171875,0
2025-10-18T15:07:22.580347,3.9557621479034424,-0.109375,0.0078125,0
2025-10-18T15:07:22.582345,3.9557621479034424,-0.03125,-0.00390625,0
2025-10-18T15:07:22.584353,3.9557621479034424,0.0,0.00390625,0
2025-10-18T15:07:22.586347,3.955378770828247,-0.796875,0.00390625,0
2025-10-18T15:07:22.588340,3.9557621479034424,0.453125,0.0078125,0
2025-10-18T15:07:22.590346,3.9557621479034424,0.2265625,0.0,0
2025-10-18T15:07:22.592339,3.9557621479034424,-0.328125,0.0,0
2025-10-18T15:07:22.594342,3.956145763397217,0.0,0.0,0
2025-10-18T15:07:22.596340,3.956529140472412,0.5078125,0.0078125,0
2025-10-18T15:07:22.599348,3.956529140472412,0.0,0.00390625,0
2025-10-18T15:07:22.601342,3.956529140472412,-0.4375,0.01171875,0
2025-10-18T15:07:22.603337,3.956529140472412,-0.2734375,-0.00390625,0
2025-10-18T15:07:22.605339,3.956145763397217,-1.0859375,0.00390625,0
2025-10-18T15:07:22.607342,3.956145763397217,-0.0703125,0.0,0
2025-10-18T15:07:22.609342,3.956145763397217,0.0078125,0.0,0
2025-10-18T15:07:22.611338,3.9557621479034424,-0.7109375,0.0,0
2025-10-18T15:07:22.613341,3.956145763397217,0.5,0.00390625,0
2025-10-18T15:07:22.615340,3.9557621479034424,-0.28125,-0.00390625,0
2025-10-18T15:07:22.617341,3.956145763397217,0.0,0.0078125,0
2025-10-18T15:07:22.619340,3.956145763397217,0.390625,0.0,0
2025-10-18T15:07:22.621339,3.956145763397217,-0.0703125,0.00390625,0
2025-10-18T15:07:22.623342,3.956145763397217,-0.7109375,0.0,0
2025-10-18T15:07:22.625339,3.956529140472412,0.1875,0.00390625,0
2025-10-18T15:07:22.627338,3.956145763397217,-0.0859375,-0.00390625,0
2025-10-18T15:07:22.629339,3.956529140472412,1.125,0.01953125,0
2025-10-18T15:07:22.631335,3.956145763397217,-0.4921875,0.0234375,0
2025-10-18T15:07:22.633341,3.956145763397217,0.0,0.00390625,0
2025-10-18T15:07:22.635342,3.9557621479034424,-1.515625,-0.00390625,0
2025-10-18T15:07:22.637339,3.9557621479034424,-1.0625,0.00390625,0
2025-10-18T15:07:22.639351,3.956145763397217,0.0546875,-0.00390625,0
2025-10-18T15:07:22.642329,3.956145763397217,0.0390625,0.0,0
2025-10-18T15:07:22.644340,3.956529140472412,1.09375,-0.01171875,0
2025-10-18T15:07:22.646340,3.956529140472412,0.734375,0.0,0
2025-10-18T15:07:22.648345,3.956529140472412,0.6640625,-0.00390625,0
2025-10-18T15:07:22.650338,3.956529140472412,0.4609375,0.01171875,0
2025-10-18T15:07:22.652337,3.956145763397217,-1.421875,0.015625,0
2025-10-18T15:07:22.654354,3.956145763397217,-0.2109375,0.0,0
2025-10-18T15:07:22.657330,3.956145763397217,-0.0078125,0.0,0
2025-10-18T15:07:22.659337,3.9557621479034424,-0.7421875,0.0,0
2025-10-18T15:07:22.661336,3.9557621479034424,-0.78125,-0.01171875,0
2025-10-18T15:07:22.663350,3.956145763397217,-0.3984375,-0.00390625,0
2025-10-18T15:07:22.666332,3.956145763397217,0.015625,-0.05078125,0
2025-10-18T15:07:22.668336,3.956145763397217,-0.8125,0.00390625,0
2025-10-18T15:07:22.670339,3.956145763397217,-0.140625,0.00390625,0
2025-10-18T15:07:22.672339,3.956145763397217,0.0,0.0078125,0
2025-10-18T15:07:22.674337,3.956145763397217,-0.6875,0.00390625,0
2025-10-18T15:07:22.676334,3.956145763397217,-0.265625,0.0,0
2025-10-18T15:07:22.678338,3.956529140472412,0.1171875,0.01171875,0
2025-10-18T15:07:22.680334,3.956145763397217,-0.9375,-0.00390625,0
2025-10-18T15:07:22.682335,3.956529140472412,0.7109375,0.0078125,0
2025-10-18T15:07:22.684334,3.956145763397217,-0.109375,-0.00390625,0
2025-10-18T15:07:22.686338,3.956145763397217,0.0,0.0,0
2025-10-18T15:07:22.688336,3.956145763397217,-0.28125,-0.0078125,0
2025-10-18T15:07:22.690334,3.956145763397217,0.0,0.0,0
2025-10-18T15:07:22.692336,3.956145763397217,0.4375,0.00390625,0
2025-10-18T15:07:22.694337,3.956145763397217,0.0,-0.00390625,0
2025-10-18T15:07:22.696340,3.956145763397217,0.234375,0.0,0
2025-10-18T15:07:22.698337,3.956145763397217,-0.3203125,0.0,0
2025-10-18T15:07:22.700334,3.956145763397217,-1.0703125,-0.0078125,0
2025-10-18T15:07:22.702336,3.956529140472412,0.0234375,0.00390625,0
2025-10-18T15:07:22.704338,3.956145763397217,-1.5234375,0.0,0
2025-10-18T15:07:22.706336,3.956529140472412,0.0,-0.00390625,0
2025-10-18T15:07:22.708333,3.956145763397217,-0.765625,-0.02734375,0
2025-10-18T15:07:22.710333,3.956529140472412,1.03125,0.0,0
2025-10-18T15:07:22.712333,3.956145763397217,0.0,0.0078125,0
2025-10-18T15:07:22.714336,3.9557621479034424,-1.109375,-0.00390625,0
2025-10-18T15:07:22.716332,3.956145763397217,0.8671875,0.03125,0
2025-10-18T15:07:22.718335,3.956145763397217,0.078125,0.0,0
2025-10-18T15:07:22.720335,3.956145763397217,0.4609375,-0.01953125,0
2025-10-18T15:07:22.722336,3.956145763397217,0.328125,0.0078125,0
2025-10-18T15:07:22.725361,3.956529140472412,1.46875,0.0,0
2025-10-18T15:07:22.728332,3.956529140472412,-1.0078125,0.00390625,0
2025-10-18T15:07:22.730352,3.956145763397217,0.0,0.0234375,0
2025-10-18T15:07:22.733372,3.956145763397217,0.046875,0.0078125,0
2025-10-18T15:07:22.736340,3.9557621479034424,-1.3984375,0.00390625,0
2025-10-18T15:07:22.738338,3.956145763397217,0.21875,0.01171875,0
2025-10-18T15:07:22.740338,3.956529140472412,1.0390625,-0.0078125,0
2025-10-18T15:07:22.742337,3.956529140472412,0.546875,0.0,0
2025-10-18T15:07:22.744340,3.956529140472412,0.3828125,-0.01171875,0
2025-10-18T15:07:22.746336,3.956529140472412,1.0625,0.0,0
2025-10-18T15:07:22.748339,3.956145763397217,-0.0234375,0.01953125,0
2025-10-18T15:07:22.750344,3.956145763397217,0.0,-0.01171875,0
2025-10-18T15:07:22.753333,3.956145763397217,0.03125,0.00390625,0
2025-10-18T15:07:22.756337,3.956145763397217,1.1484375,0.0,0
2025-10-18T15:07:22.758340,3.956145763397217,-0.796875,0.0078125,0
2025-10-18T15:07:22.760340,3.956145763397217,-0.671875,0.03515625,0
2025-10-18T15:07:22.762343,3.956529140472412,0.25,0.0,0
2025-10-18T15:07:22.764340,3.956529140472412,1.2890625,-0.00390625,0
2025-10-18T15:07:22.766342,3.956145763397217,-0.7890625,-0.00390625,0
2025-10-18T15:07:22.768340,3.956145763397217,0.0,0.0,0
2025-10-18T15:07:22.770340,3.956145763397217,0.2734375,-0.01171875,0
2025-10-18T15:07:22.772341,3.956145763397217,0.0078125,0.015625,0
2025-10-18T15:07:22.774345,3.956145763397217,0.0,-0.0234375,0
2025-10-18T15:07:22.776340,3.956145763397217,-0.3359375,0.00390625,0
2025-10-18T15:07:22.778342,3.956529140472412,0.734375,0.0,0
2025-10-18T15:07:22.780341,3.956529140472412,0.2734375,0.0078125,0
2025-10-18T15:07:22.782340,3.956145763397217,-0.0546875,0.0,0
2025-10-18T15:07:22.784346,3.956145763397217,0.0,0.0234375,0
2025-10-18T15:07:22.786342,3.956145763397217,0.0703125,-0.00390625,0
2025-10-18T15:07:22.788342,3.956145763397217,0.4453125,0.00390625,0
2025-10-18T15:07:22.790341,3.956145763397217,0.453125,-0.00390625,0
2025-10-18T15:07:22.792344,3.956145763397217,0.0078125,-0.00390625,0
2025-10-18T15:07:22.794342,3.956529140472412,0.65625,0.00390625,0
2025-10-18T15:07:22.796346,3.956529140472412,0.6953125,0.0,0
2025-10-18T15:07:22.798344,3.956529140472412,0.078125,0.00390625,0
2025-10-18T15:07:22.800346,3.956529140472412,0.625,0.0,0
2025-10-18T15:07:22.802344,3.956145763397217,0.0,0.02734375,0
2025-10-18T15:07:22.804347,3.9557621479034424,-0.8046875,0.0,0
2025-10-18T15:07:22.806346,3.9557621479034424,-0.0234375,0.01171875,0
2025-10-18T15:07:22.808346,3.955378770828247,-0.859375,0.01171875,0
2025-10-18T15:07:22.810349,3.9557621479034424,-0.03125,0.0,0
2025-10-18T15:07:22.812344,3.956145763397217,1.0,-0.0078125,0
2025-10-18T15:07:22.814344,3.956529140472412,0.5,0.01171875,0
2025-10-18T15:07:22.816346,3.956529140472412,-0.765625,0.0,0
2025-10-18T15:07:22.818348,3.9569127559661865,0.5546875,0.0,0
2025-10-18T15:07:22.820347,3.9569127559661865,0.046875,0.0,0
2025-10-18T15:07:22.822349,3.9569127559661865,0.5546875,0.00390625,0
2025-10-18T15:07:22.824349,3.956529140472412,-0.1875,0.0078125,0
2025-10-18T15:07:22.826327,3.956145763397217,0.0,0.00390625,0
2025-10-18T15:07:22.828327,3.9557621479034424,-0.15625,0.0078125,0
2025-10-18T15:07:22.830326,3.955378770828247,-1.1171875,-0.015625,0
2025-10-18T15:07:22.832326,3.9557621479034424,0.8984375,0.0,0
2025-10-18T15:07:22.834328,3.9557621479034424,0.0,0.0,0
2025-10-18T15:07:22.836328,3.956145763397217,0.03125,-0.00390625,0
2025-10-18T15:07:22.838325,3.956529140472412,0.375,-0.00390625,0
2025-10-18T15:07:22.840326,3.9569127559661865,0.0,0.01171875,0
2025-10-18T15:07:22.842327,3.956529140472412,-0.453125,-0.01171875,0
2025-10-18T15:07:22.844327,3.956529140472412,-0.0234375,-0.01953125,0
2025-10-18T15:07:22.846327,3.956529140472412,0.875,-0.00390625,0
2025-10-18T15:07:22.848327,3.956145763397217,0.546875,0.015625,0
2025-10-18T15:07:22.850327,3.956145763397217,0.015625,-0.00390625,0
2025-10-18T15:07:22.852326,3.9557621479034424,-0.3125,0.00390625,0
2025-10-18T15:07:22.854327,3.9557621479034424,-1.3671875,0.0078125,0
2025-10-18T15:07:22.857322,3.956145763397217,0.0078125,0.01171875,0
2025-10-18T15:07:22.859325,3.956529140472412,0.296875,0.00390625,0
2025-10-18T15:07:22.861324,3.956529140472412,0.2734375,0.00390625,0
2025-10-18T15:07:22.863326,3.956529140472412,0.0,0.0,0
2025-10-18T15:07:22.865325,3.956145763397217,-1.2265625,-0.01171875,0
2025-10-18T15:07:22.867325,3.956145763397217,-0.7734375,-0.01953125,0
2025-10-18T15:07:22.869325,3.956145763397217,0.0,0.00390625,0
2025-10-18T15:07:22.871324,3.956145763397217,0.484375,-0.00390625,0
2025-10-18T15:07:22.873330,3.9557621479034424,-0.90625,-0.00390625,0
2025-10-18T15:07:22.875324,3.9557621479034424,-0.046875,0.01171875,0
2025-10-18T15:07:22.877325,3.9557621479034424,0.0,-0.015625,0
2025-10-18T15:07:22.879323,3.9557621479034424,-0.03125,0.00390625,0
2025-10-18T15:07:22.881324,3.9557621479034424,-0.90625,-0.01953125,0
2025-10-18T15:07:22.883326,3.956145763397217,-0.0078125,0.01171875,0
2025-10-18T15:07:22.885323,3.956145763397217,-1.1953125,0.0,0
2025-10-18T15:07:22.887324,3.956145763397217,-1.1015625,0.01953125,0
2025-10-18T15:07:22.889322,3.956145763397217,-1.203125,0.0078125,0
2025-10-18T15:07:22.891324,3.956145763397217,-0.1171875,0.0,0
2025-10-18T15:07:22.893325,3.956145763397217,-0.9609375,0.0390625,0
2025-10-18T15:07:22.895323,3.9557621479034424,-1.6953125,0.0,0
2025-10-18T15:07:22.897323,3.9557621479034424,-0.96875,0.00390625,0
2025-10-18T15:07:22.899323,3.956145763397217,0.0625,-0.03125,0
2025-10-18T15:07:22.901325,3.956145763397217,0.1328125,-0.00390625,0
2025-10-18T15:07:22.903323,3.9557621479034424,-1.2265625,0.00390625,0
2025-10-18T15:07:22.905339,3.956145763397217,-0.7734375,0.00390625,0
2025-10-18T15:07:22.907322,3.956529140472412,0.0,-0.015625,0
2025-10-18T15:07:22.909373,3.956529140472412,-0.609375,-0.01171875,0
2025-10-18T15:07:22.911323,3.9569127559661865,1.21875,-0.01953125,0
2025-10-18T15:07:22.913320,3.956529140472412,0.0,-0.015625,0
2025-10-18T15:07:22.915326,3.956145763397217,-0.2890625,-0.00390625,0
2025-10-18T15:07:22.917324,3.956145763397217,0.4375,-0.0078125,0
2025-10-18T15:07:22.919323,3.956145763397217,0.8828125,-0.0078125,0
2025-10-18T15:07:22.921324,3.9557621479034424,0.5625,-0.0078125,0
2025-10-18T15:07:22.923324,3.955378770828247,-0.40625,0.0078125,0
2025-10-18T15:07:22.925321,3.9557621479034424,0.09375,0.0,0
2025-10-18T15:07:22.927322,3.9557621479034424,-0.9296875,-0.00390625,0
2025-10-18T15:07:22.929320,3.956529140472412,0.8671875,-0.01171875,0
2025-10-18T15:07:22.931328,3.956529140472412,0.0,-0.015625,0
2025-10-18T15:07:22.933323,3.9569127559661865,0.8125,0.01953125,0
2025-10-18T15:07:22.935321,3.956529140472412,-0.03125,-0.00390625,0
2025-10-18T15:07:22.937325,3.956529140472412,0.0,0.0078125,0
2025-10-18T15:07:22.939320,3.956145763397217,-0.515625,-0.0078125,0
2025-10-18T15:07:22.941321,3.956145763397217,0.5390625,0.00390625,0
2025-10-18T15:07:22.943319,3.9557621479034424,-0.046875,0.00390625,0
2025-10-18T15:07:22.945322,3.9557621479034424,0.03125,-0.0078125,0
2025-10-18T15:07:22.947321,3.9557621479034424,0.1484375,-0.00390625,0
2025-10-18T15:07:22.949352,3.9557621479034424,-0.2578125,0.0,0
2025-10-18T15:07:22.952317,3.956145763397217,0.734375,0.0,0
2025-10-18T15:07:22.954322,3.956145763397217,0.03125,0.0078125,0
2025-10-18T15:07:22.956327,3.956145763397217,0.109375,0.00390625,0
2025-10-18T15:07:22.958321,3.956145763397217,0.0,0.00390625,0
2025-10-18T15:07:22.960322,3.956145763397217,0.0,0.0,0
2025-10-18T15:07:22.962322,3.956529140472412,0.984375,0.0,0
2025-10-18T15:07:22.964319,3.956529140472412,0.8203125,0.0078125,0
2025-10-18T15:07:22.966324,3.956529140472412,0.4609375,-0.015625,0
2025-10-18T15:07:22.968317,3.956145763397217,-0.7421875,0.0,0
2025-10-18T15:07:22.970319,3.956145763397217,-0.640625,0.0078125,0
2025-10-18T15:07:22.972317,3.956145763397217,-0.3515625,-0.0078125,0
2025-10-18T15:07:22.974317,3.956529140472412,0.7421875,0.0,0
2025-10-18T15:07:22.976317,3.956145763397217,-0.71875,0.0,0
2025-10-18T15:07:22.978318,3.956145763397217,-0.0390625,0.00390625,0
2025-10-18T15:07:22.980318,3.956145763397217,0.0078125,-0.01953125,0
2025-10-18T15:07:22.983343,3.956145763397217,0.8984375,0.01171875,0
2025-10-18T15:07:22.986324,3.9557621479034424,0.0078125,0.00390625,0
2025-10-18T15:07:22.988321,3.956145763397217,0.7109375,0.0,0
2025-10-18T15:07:22.990316,3.956145763397217,0.0,0.0,0
2025-10-18T15:07:22.992333,3.956145763397217,-0.6484375,0.0,0
2025-10-18T15:07:22.995394,3.956529140472412,0.0625,-0.0078125,0
2025-10-18T15:07:22.998383,3.9569127559661865,1.515625,0.0078125,0
2025-10-18T15:07:23.001315,3.956529140472412,0.6875,0.01953125,0
2025-10-18T15:07:23.003318,3.956145763397217,0.34375,-0.01171875,0
2025-10-18T15:07:23.005319,3.956145763397217,0.015625,0.00390625,0
2025-10-18T15:07:23.007317,3.9557621479034424,-0.5546875,0.0,0
2025-10-18T15:07:23.009318,3.9557621479034424,-1.328125,0.0,0
2025-10-18T15:07:23.011320,3.956145763397217,0.234375,0.0,0
2025-10-18T15:07:23.013316,3.956145763397217,-0.0234375,-0.0078125,0
2025-10-18T15:07:23.015318,3.956529140472412,0.984375,0.01953125,0
2025-10-18T15:07:23.017319,3.956529140472412,0.140625,-0.0078125,0
2025-10-18T15:07:23.019317,3.956529140472412,0.015625,-0.0078125,0
2025-10-18T15:07:23.021322,3.956529140472412,0.390625,0.00390625,0
2025-10-18T15:07:23.023313,3.956529140472412,0.3828125,0.0,0
2025-10-18T15:07:23.025316,3.956529140472412,-0.203125,0.015625,0
2025-10-18T15:07:23.027316,3.956529140472412,1.8125,-0.0078125,0
2025-10-18T15:07:23.029319,3.956145763397217,-0.234375,0.0,0
2025-10-18T15:07:23.031315,3.956529140472412,0.2890625,-0.00390625,0
2025-10-18T15:07:23.033319,3.956529140472412,0.5703125,-0.00390625,0
2025-10-18T15:07:23.035313,3.956529140472412,0.3203125,0.0,0
2025-10-18T15:07:23.037322,3.956145763397217,-1.1484375,0.0390625,0
2025-10-18T15:07:23.039315,3.956145763397217,-0.4765625,-0.01953125,0
2025-10-18T15:07:23.041316,3.956145763397217,-0.0859375,0.00390625,0
2025-10-18T15:07:23.043316,3.956145763397217,-0.0078125,0.01171875,0
2025-10-18T15:07:23.045312,3.956529140472412,1.53125,0.015625,0
2025-10-18T15:07:23.047314,3.956145763397217,-1.0625,0.0,0
2025-10-18T15:07:23.049316,3.956145763397217,-0.921875,0.01171875,0
2025-10-18T15:07:23.051317,3.956529140472412,0.015625,-0.01953125,0
2025-10-18T15:07:23.053314,3.956145763397217,-1.25,0.01171875,0
2025-10-18T15:07:23.055315,3.956529140472412,0.625,-0.0078125,0
2025-10-18T15:07:23.057315,3.956145763397217,-0.5390625,0.01171875,0
2025-10-18T15:07:23.059318,3.956145763397217,0.0,0.00390625,0
2025-10-18T15:07:23.061314,3.956145763397217,1.0390625,0.0,0
2025-10-18T15:07:23.063315,3.9557621479034424,-0.09375,-0.015625,0
2025-10-18T15:07:23.065313,3.9557621479034424,-0.1875,-0.03125,0
2025-10-18T15:07:23.067315,3.956145763397217,0.03125,0.0078125,0
2025-10-18T15:07:23.069316,3.956145763397217,-0.15625,0.0,0
2025-10-18T15:07:23.071313,3.956529140472412,0.265625,0.00390625,0
2025-10-18T15:07:23.073316,3.956529140472412,0.0,-0.01953125,0
2025-10-18T15:07:23.075311,3.956529140472412,0.140625,-0.0078125,0
2025-10-18T15:07:23.077312,3.956529140472412,0.0078125,0.0,0
2025-10-18T15:07:23.079315,3.956529140472412,1.0,0.0,0
2025-10-18T15:07:23.081314,3.956529140472412,0.6953125,-0.00390625,0
2025-10-18T15:07:23.083313,3.956145763397217,0.0,0.00390625,0
2025-10-18T15:07:23.085314,3.956145763397217,0.34375,0.00390625,0
2025-10-18T15:07:23.087314,3.9557621479034424,-0.9140625,0.00390625,0
2025-10-18T15:07:23.089314,3.956145763397217,0.3984375,0.00390625,0
2025-10-18T15:07:23.091312,3.956145763397217,0.0,0.00390625,0
2025-10-18T15:07:23.093314,3.956529140472412,0.5703125,0.0,0
2025-10-18T15:07:23.095311,3.956529140472412,-0.4453125,0.00390625,0
2025-10-18T15:07:23.097312,3.956529140472412,0.0,0.0,0
2025-10-18T15:07:23.099315,3.956529140472412,0.5625,0.0,0
2025-10-18T15:07:23.101313,3.956529140472412,1.5234375,0.01171875,0
2025-10-18T15:07:23.103315,3.956145763397217,0.3984375,0.0078125,0
2025-10-18T15:07:23.105314,3.9557621479034424,-0.3515625,-0.00390625,0
2025-10-18T15:07:23.107311,3.9557621479034424,-0.015625,0.0,0
2025-10-18T15:07:23.110304,3.956145763397217,0.1328125,0.015625,0
2025-10-18T15:07:23.112310,3.956145763397217,0.0,0.01171875,0
2025-10-18T15:07:23.114312,3.956529140472412,0.28125,0.0,0
2025-10-18T15:07:23.116311,3.956529140472412,-0.0859375,-0.01171875,0
2025-10-18T15:07:23.118314,3.956529140472412,-0.0078125,0.0,0
2025-10-18T15:07:23.120313,3.956529140472412,0.28125,0.0,0
2025-10-18T15:07:23.122311,3.956145763397217,-0.0234375,-0.01171875,0
2025-10-18T15:07:23.124310,3.9557621479034424,0.0,0.0,0
2025-10-18T15:07:23.126309,3.9557621479034424,0.9375,0.00390625,0
2025-10-18T15:07:23.128314,3.955378770828247,-0.9140625,0.0,0
2025-10-18T15:07:23.130309,3.9557621479034424,0.0,-0.00390625,0
2025-10-18T15:07:23.132312,3.9557621479034424,-1.1953125,0.0,0
2025-10-18T15:07:23.134313,3.956529140472412,1.3046875,-0.00390625,0
2025-10-18T15:07:23.136315,3.956529140472412,0.0078125,0.01171875,0
2025-10-18T15:07:23.138309,3.956529140472412,0.0,0.0078125,0
2025-10-18T15:07:23.140308,3.956529140472412,0.15625,0.0,0
2025-10-18T15:07:23.142311,3.956529140472412,0.8125,0.01171875,0
2025-10-18T15:07:23.144310,3.956145763397217,0.0,0.0,0
2025-10-18T15:07:23.146308,3.9557621479034424,-0.9921875,0.0078125,0
2025-10-18T15:07:23.148310,3.955378770828247,-1.0078125,0.0,0
2025-10-18T15:07:23.150314,3.9557621479034424,0.0,-0.00390625,0
2025-10-18T15:07:23.152323,3.9557621479034424,-0.0703125,0.0078125,0
2025-10-18T15:07:23.154312,3.956145763397217,0.2578125,0.0078125,0
2025-10-18T15:07:23.156308,3.956145763397217,0.921875,-0.0078125,0
2025-10-18T15:07:23.158321,3.956145763397217,-0.421875,0.00390625,0
2025-10-18T15:07:23.160309,3.956529140472412,0.453125,-0.00390625,0
2025-10-18T15:07:23.162310,3.956529140472412,0.0,0.0,0
2025-10-18T15:07:23.164308,3.956145763397217,-1.2578125,-0.01171875,0
2025-10-18T15:07:23.166309,3.956145763397217,-0.6640625,-0.0078125,0
2025-10-18T15:07:23.168310,3.956145763397217,0.0078125,0.00390625,0
2025-10-18T15:07:23.170309,3.9557621479034424,-1.1875,-0.00390625,0
2025-10-18T15:07:23.172306,3.9557621479034424,-0.078125,0.00390625,0
2025-10-18T15:07:23.174307,3.956145763397217,0.6328125,0.0,0
2025-10-18T15:07:23.176307,3.956145763397217,0.4609375,0.01953125,0
2025-10-18T15:07:23.178307,3.956145763397217,0.15625,0.0078125,0
2025-10-18T15:07:23.180309,3.956145763397217,-1.2109375,-0.00390625,0
2025-10-18T15:07:23.182308,3.956529140472412,0.2265625,-0.01953125,0
2025-10-18T15:07:23.184308,3.9569127559661865,0.4453125,0.0,0
2025-10-18T15:07:23.186306,3.956529140472412,-0.578125,0.03125,0
2025-10-18T15:07:23.188306,3.956529140472412,-0.0390625,0.0,0
2025-10-18T15:07:23.190306,3.956145763397217,-0.2265625,0.0,0
2025-10-18T15:07:23.192306,3.956145763397217,0.5546875,0.0,0
2025-10-18T15:07:23.194308,3.9557621479034424,-0.0234375,-0.015625,0
2025-10-18T15:07:23.196306,3.9557621479034424,0.1171875,0.0078125,0
2025-10-18T15:07:23.198307,3.9557621479034424,-0.546875,0.01171875,0
2025-10-18T15:07:23.200310,3.9557621479034424,-0.5859375,0.03125,0
2025-10-18T15:07:23.202308,3.956529140472412,1.2265625,0.00390625,0
2025-10-18T15:07:23.204304,3.956529140472412,0.0078125,-0.00390625,0
2025-10-18T15:07:23.206304,3.956529140472412,-0.0625,0.00390625,0
2025-10-18T15:07:23.208305,3.956529140472412,-0.046875,0.0,0
2025-10-18T15:07:23.210307,3.956529140472412,0.0,-0.01171875,0
2025-10-18T15:07:23.212306,3.956145763397217,-0.6953125,-0.00390625,0
2025-10-18T15:07:23.214307,3.9557621479034424,-0.7109375,-0.0078125,0
2025-10-18T15:07:23.216307,3.9557621479034424,-0.5546875,0.0,0
2025-10-18T15:07:23.218305,3.9557621479034424,0.0,0.01171875,0
2025-10-18T15:07:23.220307,3.9557621479034424,0.0,0.00390625,0
2025-10-18T15:07:23.222305,3.956145763397217,0.8125,0.01953125,0
2025-10-18T15:07:23.224303,3.956145763397217,0.2890625,0.0,0
2025-10-18T15:07:23.226309,3.956529140472412,0.8828125,0.0078125,0
2025-10-18T15:07:23.228306,3.956529140472412,0.5,0.01171875,0
2025-10-18T15:07:23.230306,3.956145763397217,-1.1484375,0.0,0
2025-10-18T15:07:23.232305,3.956145763397217,-1.25,0.0,0
2025-10-18T15:07:23.235327,3.956145763397217,-0.015625,0.0078125,0
2025-10-18T15:07:23.238306,3.956145763397217,0.1875,0.00390625,0
2025-10-18T15:07:23.240305,3.956145763397217,0.0078125,0.0,0
2025-10-18T15:07:23.242368,3.956145763397217,0.0390625,-0.00390625,0
2025-10-18T15:07:23.245326,3.956145763397217,-0.0390625,0.00390625,0
2025-10-18T15:07:23.248310,3.956529140472412,1.0078125,-0.0078125,0
2025-10-18T15:07:23.250313,3.956529140472412,0.015625,0.00390625,0
2025-10-18T15:07:23.252304,3.956145763397217,-0.453125,-0.0078125,0
2025-10-18T15:07:23.254310,3.956529140472412,0.0078125,-0.00390625,0
2025-10-18T15:07:23.256306,3.956145763397217,-0.3203125,0.0,0
2025-10-18T15:07:23.258307,3.956145763397217,-0.0078125,0.00390625,0
2025-10-18T15:07:23.260310,3.956145763397217,0.4375,-0.015625,0
2025-10-18T15:07:23.262322,3.9557621479034424,-1.0,0.0,0
2025-10-18T15:07:23.265329,3.956145763397217,0.03125,-0.03125,0
2025-10-18T15:07:23.268328,3.956145763397217,0.171875,-0.0078125,0
2025-10-18T15:07:23.271332,3.956529140472412,1.3828125,0.0,0
2025-10-18T15:07:23.274328,3.956529140472412,0.4453125,-0.02734375,0
2025-10-18T15:07:23.277363,3.956529140472412,0.921875,-0.0234375,0
2025-10-18T15:07:23.280312,3.956145763397217,-0.2265625,0.0,0
2025-10-18T15:07:23.283295,3.956145763397217,-0.046875,-0.0078125,0
2025-10-18T15:07:23.285307,3.956145763397217,0.078125,0.0234375,0
2025-10-18T15:07:23.287301,3.956145763397217,0.0,0.0078125,0
2025-10-18T15:07:23.289305,3.956145763397217,-0.015625,-0.00390625,0
2025-10-18T15:07:23.291301,3.956145763397217,-0.21875,0.00390625,0
2025-10-18T15:07:23.293305,3.956145763397217,-0.0703125,-0.00390625,0
2025-10-18T15:07:23.295299,3.956529140472412,1.2109375,0.015625,0
2025-10-18T15:07:23.297304,3.956145763397217,0.0,-0.015625,0
2025-10-18T15:07:23.299299,3.956145763397217,0.328125,0.0,0
2025-10-18T15:07:23.301301,3.956145763397217,-0.28125,-0.01171875,0
2025-10-18T15:07:23.303304,3.956145763397217,-0.8671875,-0.0078125,0
2025-10-18T15:07:23.305298,3.956529140472412,0.3515625,-0.00390625,0
2025-10-18T15:07:23.307303,3.956529140472412,0.0078125,0.0078125,0
2025-10-18T15:07:23.309302,3.956529140472412,0.0,0.0,0
2025-10-18T15:07:23.311302,3.956145763397217,-0.3671875,0.00390625,0
2025-10-18T15:07:23.313299,3.956145763397217,-0.0078125,0.0,0
2025-10-18T15:07:23.315302,3.956145763397217,0.765625,-0.0078125,0
2025-10-18T15:07:23.317301,3.9557621479034424,-0.0703125,0.015625,0
2025-10-18T15:07:23.319304,3.956145763397217,1.28125,0.0,0
2025-10-18T15:07:23.321302,3.956145763397217,0.703125,-0.01953125,0
2025-10-18T15:07:23.323302,3.956145763397217,0.109375,0.0,0
2025-10-18T15:07:23.325302,3.956529140472412,0.296875,0.0078125,0
2025-10-18T15:07:23.327303,3.956145763397217,-1.5234375,-0.03125,0
2025-10-18T15:07:23.329299,3.956529140472412,-0.3515625,0.0,0
2025-10-18T15:07:23.331300,3.956529140472412,-0.15625,0.0,0
2025-10-18T15:07:23.333298,3.956529140472412,0.0,0.0,0
2025-10-18T15:07:23.335300,3.956529140472412,0.796875,-0.015625,0
2025-10-18T15:07:23.337299,3.956145763397217,0.21875,0.0,0
2025-10-18T15:07:23.339299,3.9557621479034424,-0.71875,0.01171875,0
2025-10-18T15:07:23.341299,3.9557621479034424,0.015625,-0.01171875,0
2025-10-18T15:07:23.343299,3.955378770828247,-0.0234375,0.00390625,0
2025-10-18T15:07:23.345301,3.955378770828247,-0.3203125,0.0,0
2025-10-18T15:07:23.347301,3.9557621479034424,0.328125,-0.00390625,0
2025-10-18T15:07:23.349303,3.956145763397217,0.140625,-0.0078125,0
2025-10-18T15:07:23.351304,3.956529140472412,0.4921875,-0.00390625,0
2025-10-18T15:07:23.353309,3.956529140472412,-0.375,0.0,0
2025-10-18T15:07:23.355297,3.9569127559661865,0.2109375,0.00390625,0
2025-10-18T15:07:23.357297,3.956529140472412,-0.0625,0.0,0
2025-10-18T15:07:23.359299,3.956529140472412,-0.0390625,0.015625,0
2025-10-18T15:07:23.361302,3.956145763397217,-0.984375,-0.01171875,0
2025-10-18T15:07:23.363299,3.956145763397217,-0.4453125,0.0,0
2025-10-18T15:07:23.365299,3.956145763397217,0.0,0.0078125,0
2025-10-18T15:07:23.367300,3.9557621479034424,-1.1875,0.0078125,0
2025-10-18T15:07:23.370302,3.956145763397217,0.0,0.00390625,0
2025-10-18T15:07:23.372296,3.956529140472412,0.03125,0.01171875,0
2025-10-18T15:07:23.374299,3.9569127559661865,1.1171875,0.0,0
2025-10-18T15:07:23.376299,3.9569127559661865,0.0234375,0.00390625,0
2025-10-18T15:07:23.378300,3.9569127559661865,0.0703125,-0.00390625,0
2025-10-18T15:07:23.380300,3.956529140472412,-1.03125,0.01171875,0
2025-10-18T15:07:23.382300,3.956529140472412,0.0,0.0,0
2025-10-18T15:07:23.384298,3.956529140472412,0.3515625,0.0,0
2025-10-18T15:07:23.386297,3.956145763397217,-0.2421875,0.00390625,0
2025-10-18T15:07:23.388296,3.956529140472412,1.2265625,0.0,0
2025-10-18T15:07:23.390298,3.956145763397217,-0.15625,0.00390625,0
2025-10-18T15:07:23.392298,3.956145763397217,0.0,0.00390625,0
2025-10-18T15:07:23.394299,3.956529140472412,1.0390625,0.0,0
2025-10-18T15:07:23.396297,3.956529140472412,1.1796875,-0.00390625,0
2025-10-18T15:07:23.398299,3.956145763397217,-1.1640625,-0.00390625,0
2025-10-18T15:07:23.400297,3.956529140472412,0.890625,-0.0078125,0
2025-10-18T15:07:23.402299,3.956145763397217,-0.625,0.00390625,0
2025-10-18T15:07:23.404296,3.956145763397217,0.0,0.00390625,0
2025-10-18T15:07:23.406297,3.9557621479034424,-0.859375,0.0,0
2025-10-18T15:07:23.408296,3.956145763397217,0.3046875,0.0078125,0
2025-10-18T15:07:23.410297,3.956145763397217,0.734375,-0.0078125,0
2025-10-18T15:07:23.412294,3.956145763397217,0.0859375,0.0,0
2025-10-18T15:07:23.414297,3.956145763397217,-0.046875,0.0,0
2025-10-18T15:07:23.416293,3.956145763397217,-0.4609375,0.0,0
2025-10-18T15:07:23.418306,3.956529140472412,0.2109375,-0.0078125,0
2025-10-18T15:07:23.420294,3.956529140472412,0.0,0.0,0
2025-10-18T15:07:23.422296,3.956529140472412,0.2890625,0.0,0
2025-10-18T15:07:23.424292,3.956529140472412,0.0234375,0.0078125,0
2025-10-18T15:07:23.426295,3.956529140472412,0.1484375,0.00390625,0
2025-10-18T15:07:23.428296,3.956145763397217,-0.703125,0.0078125,0
2025-10-18T15:07:23.430295,3.9557621479034424,-1.21875,0.0,0
2025-10-18T15:07:23.432296,3.9557621479034424,-0.0703125,0.0078125,0
2025-10-18T15:07:23.434297,3.9557621479034424,-0.140625,-0.03125,0
2025-10-18T15:07:23.436299,3.9557621479034424,0.0,0.03125,0
2025-10-18T15:07:23.438297,3.956145763397217,0.015625,0.0078125,0
2025-10-18T15:07:23.440296,3.956145763397217,-1.0546875,0.0,0
2025-10-18T15:07:23.442296,3.956529140472412,0.34375,-0.00390625,0
2025-10-18T15:07:23.444298,3.9569127559661865,1.09375,-0.00390625,0
2025-10-18T15:07:23.446298,3.956529140472412,-0.2265625,-0.0078125,0
2025-10-18T15:07:23.448299,3.956145763397217,-1.484375,0.0,0
2025-10-18T15:07:23.450299,3.956145763397217,-0.5625,0.0,0
2025-10-18T15:07:23.452298,3.956145763397217,-0.40625,0.0078125,0
2025-10-18T15:07:23.454299,3.956145763397217,0.0,0.01953125,0
2025-10-18T15:07:23.456306,3.956145763397217,0.0703125,0.0078125,0
2025-10-18T15:07:23.458297,3.956145763397217,-0.0546875,0.015625,0
2025-10-18T15:07:23.460297,3.956529140472412,0.96875,0.01171875,0
2025-10-18T15:07:23.462301,3.956529140472412,0.3828125,-0.01953125,0
2025-10-18T15:07:23.464300,3.956529140472412,-0.015625,0.00390625,0
2025-10-18T15:07:23.466298,3.956529140472412,0.0078125,0.01953125,0
2025-10-18T15:07:23.468301,3.956529140472412,0.75,-0.0078125,0
2025-10-18T15:07:23.470301,3.956145763397217,-0.171875,0.0,0
2025-10-18T15:07:23.472300,3.956145763397217,-0.1640625,0.0,0
2025-10-18T15:07:23.474303,3.956145763397217,-0.1796875,-0.03515625,0
2025-10-18T15:07:23.476304,3.956145763397217,-0.25,-0.00390625,0
2025-10-18T15:07:23.478302,3.956529140472412,0.8359375,0.0,0
2025-10-18T15:07:23.480301,3.956145763397217,-0.6796875,0.00390625,0
2025-10-18T15:07:23.482302,3.956145763397217,-0.6015625,-0.00390625,0
2025-10-18T15:07:23.484302,3.956529140472412,1.2109375,-0.01171875,0
2025-10-18T15:07:23.486302,3.956529140472412,0.9296875,-0.0234375,0
2025-10-18T15:07:23.488304,3.956145763397217,0.0,0.0078125,0
2025-10-18T15:07:23.490304,3.956145763397217,-0.1171875,0.0,0
2025-10-18T15:07:23.492303,3.956145763397217,-0.109375,-0.0078125,0
2025-10-18T15:07:23.494325,3.956145763397217,0.0,0.00390625,0
2025-10-18T15:07:23.497309,3.956145763397217,0.3046875,0.0,0
2025-10-18T15:07:23.499303,3.956145763397217,0.1796875,0.0,0
2025-10-18T15:07:23.501305,3.956145763397217,0.234375,0.0,0
2025-10-18T15:07:23.503304,3.956145763397217,0.2578125,-0.0234375,0
2025-10-18T15:07:23.505334,3.956529140472412,1.4921875,-0.00390625,0
2025-10-18T15:07:23.508314,3.956529140472412,0.09375,-0.01171875,0
2025-10-18T15:07:23.511294,3.956145763397217,-1.21875,0.0,0
2025-10-18T15:07:23.513304,3.956529140472412,0.09375,-0.00390625,0
2025-10-18T15:07:23.515303,3.956529140472412,0.3515625,-0.01953125,0
2025-10-18T15:07:23.517304,3.956529140472412,0.0859375,0.01171875,0
2025-10-18T15:07:23.519305,3.956145763397217,-0.65625,-0.0078125,0
2025-10-18T15:07:23.521302,3.956145763397217,-0.1484375,0.0,0
2025-10-18T15:07:23.523305,3.9557621479034424,-1.53125,-0.01171875,0
2025-10-18T15:07:23.525304,3.956145763397217,0.328125,0.0078125,0
2025-10-18T15:07:23.527286,3.9557621479034424,-0.5703125,0.01171875,0
2025-10-18T15:07:23.529308,3.956145763397217,0.2421875,0.01953125,0
2025-10-18T15:07:23.531308,3.956145763397217,0.140625,0.015625,0
2025-10-18T15:07:23.533309,3.956145763397217,0.203125,-0.00390625,0
2025-10-18T15:07:23.535286,3.9569127559661865,1.46875,-0.01953125,0
2025-10-18T15:07:23.537285,3.956529140472412,-0.3046875,0.01171875,0
2025-10-18T15:07:23.539286,3.9569127559661865,0.4609375,0.00390625,0
2025-10-18T15:07:23.541286,3.9569127559661865,0.0546875,0.0,0
2025-10-18T15:07:23.543285,3.956529140472412,-0.0703125,0.00390625,0
2025-10-18T15:07:23.545288,3.956145763397217,-0.28125,0.00390625,0
2025-10-18T15:07:23.547287,3.9557621479034424,-0.8125,-0.015625,0
2025-10-18T15:07:23.549295,3.9557621479034424,0.28125,0.00390625,0
2025-10-18T15:07:23.552280,3.9557621479034424,0.0234375,0.00390625,0
2025-10-18T15:07:23.555276,3.9557621479034424,0.0,0.0,0
2025-10-18T15:07:23.557285,3.956529140472412,0.3046875,0.0,0
2025-10-18T15:07:23.559286,3.956529140472412,0.0,-0.00390625,0
2025-10-18T15:07:23.561287,3.9569127559661865,0.359375,-0.00390625,0
2025-10-18T15:07:23.563285,3.956529140472412,-0.40625,0.01953125,0
2025-10-18T15:07:23.565288,3.956529140472412,0.3515625,-0.01171875,0
2025-10-18T15:07:23.567287,3.956145763397217,-0.453125,-0.015625,0
2025-10-18T15:07:23.569283,3.956145763397217,0.3203125,-0.01171875,0
2025-10-18T15:07:23.571286,3.9557621479034424,-1.484375,0.0078125,0
2025-10-18T15:07:23.573286,3.956145763397217,0.0,0.00390625,0
2025-10-18T15:07:23.575286,3.956529140472412,1.21875,-0.0078125,0
2025-10-18T15:07:23.577286,3.956529140472412,0.015625,0.00390625,0
2025-10-18T15:07:23.579287,3.956529140472412,0.3515625,-0.0078125,0
2025-10-18T15:07:23.581284,3.956529140472412,0.4375,0.00390625,0
2025-10-18T15:07:23.583284,3.956145763397217,-1.21875,0.0078125,0
2025-10-18T15:07:23.585284,3.956529140472412,1.1796875,-0.00390625,0
2025-10-18T15:07:23.587281,3.956145763397217,0.0,-0.015625,0
2025-10-18T15:07:23.589287,3.956145763397217,0.484375,-0.015625,0
2025-10-18T15:07:23.591284,3.956145763397217,0.6640625,0.00390625,0
2025-10-18T15:07:23.593285,3.956145763397217,0.2734375,0.0078125,0
2025-10-18T15:07:23.595286,3.956145763397217,0.046875,-0.00390625,0
2025-10-18T15:07:23.597283,3.956145763397217,0.015625,-0.01171875,0
2025-10-18T15:07:23.599282,3.956145763397217,-0.4296875,-0.01171875,0
2025-10-18T15:07:23.601284,3.956529140472412,1.3046875,0.0234375,0
2025-10-18T15:07:23.603283,3.956145763397217,-0.78125,-0.015625,0
2025-10-18T15:07:23.605282,3.956145763397217,0.0,0.0,0
2025-10-18T15:07:23.607284,3.9557621479034424,-1.4140625,0.0,0
2025-10-18T15:07:23.609282,3.956145763397217,0.96875,-0.00390625,0
2025-10-18T15:07:23.611283,3.956145763397217,0.6484375,-0.00390625,0
2025-10-18T15:07:23.613282,3.956145763397217,-0.0078125,0.00390625,0
2025-10-18T15:07:23.615283,3.956145763397217,-0.015625,0.01953125,0
2025-10-18T15:07:23.617282,3.956145763397217,0.0,0.00390625,0
2025-10-18T15:07:23.619283,3.956145763397217,-0.0234375,-0.0078125,0
2025-10-18T15:07:23.622276,3.956145763397217,0.3125,0.0,0
2025-10-18T15:07:23.624281,3.956145763397217,0.015625,0.0078125,0
2025-10-18T15:07:23.626281,3.956145763397217,-0.0078125,-0.00390625,0
2025-10-18T15:07:23.628283,3.956145763397217,-0.625,-0.01171875,0
2025-10-18T15:07:23.630280,3.956529140472412,0.0,0.02734375,0
2025-10-18T15:07:23.632284,3.956529140472412,0.109375,0.01171875,0
2025-10-18T15:07:23.634283,3.956529140472412,-0.0546875,-0.00390625,0
2025-10-18T15:07:23.636280,3.956529140472412,0.0390625,-0.01171875,0
2025-10-18T15:07:23.638280,3.956529140472412,0.8515625,-0.00390625,0
2025-10-18T15:07:23.640296,3.956145763397217,-0.046875,-0.00390625,0
2025-10-18T15:07:23.643272,3.956145763397217,0.046875,0.00390625,0
2025-10-18T15:07:23.645279,3.956145763397217,0.0859375,-0.0234375,0
2025-10-18T15:07:23.647281,3.956145763397217,0.7578125,-0.0078125,0
2025-10-18T15:07:23.649281,3.956529140472412,0.859375,0.0,0
2025-10-18T15:07:23.651283,3.956529140472412,0.0703125,-0.0078125,0
2025-10-18T15:07:23.653280,3.956529140472412,0.0,-0.01953125,0
2025-10-18T15:07:23.655279,3.956529140472412,0.1796875,0.0078125,0
2025-10-18T15:07:23.657279,3.956145763397217,-0.1015625,0.0,0
2025-10-18T15:07:23.659280,3.9557621479034424,-1.265625,0.0,0
2025-10-18T15:07:23.661278,3.9557621479034424,0.0,0.00390625,0
2025-10-18T15:07:23.663279,3.9557621479034424,-0.0546875,0.0,0
2025-10-18T15:07:23.665281,3.9557621479034424,-0.078125,-0.00390625,0
2025-10-18T15:07:23.667277,3.956145763397217,0.3515625,0.01171875,0
2025-10-18T15:07:23.669279,3.956529140472412,1.546875,-0.015625,0
2025-10-18T15:07:23.671285,3.956529140472412,0.390625,-0.01171875,0
2025-10-18T15:07:23.673277,3.956145763397217,-0.9921875,-0.0078125,0
2025-10-18T15:07:23.675281,3.956145763397217,-0.9140625,-0.0078125,0
2025-10-18T15:07:23.677281,3.956145763397217,-0.3671875,0.01171875,0
2025-10-18T15:07:23.679277,3.956145763397217,0.4765625,-0.015625,0
2025-10-18T15:07:23.681282,3.9557621479034424,-0.3125,-0.00390625,0
2025-10-18T15:07:23.683278,3.9557621479034424,0.0,-0.00390625,0
2025-10-18T15:07:23.685284,3.9557621479034424,0.0,0.015625,0
2025-10-18T15:07:23.687278,3.9557621479034424,-0.75,0.00390625,0
2025-10-18T15:07:23.689280,3.9557621479034424,-0.3203125,0.0078125,0
2025-10-18T15:07:23.691277,3.956145763397217,0.1171875,0.0,0
2025-10-18T15:07:23.693278,3.956529140472412,0.8515625,-0.01171875,0
2025-10-18T15:07:23.695279,3.956145763397217,-0.65625,-0.0078125,0
2025-10-18T15:07:23.697282,3.956529140472412,0.03125,0.00390625,0
2025-10-18T15:07:23.699279,3.956529140472412,0.0,0.00390625,0
2025-10-18T15:07:23.701275,3.956529140472412,0.046875,-0.02734375,0
2025-10-18T15:07:23.703275,3.956529140472412,0.5546875,0.0078125,0
2025-10-18T15:07:23.705278,3.956145763397217,-0.5,0.00390625,0
2025-10-18T15:07:23.707275,3.956145763397217,0.0,-0.01171875,0
2025-10-18T15:07:23.709276,3.956145763397217,0.3828125,0.00390625,0
2025-10-18T15:07:23.711275,3.956145763397217,0.578125,0.00390625,0
2025-10-18T15:07:23.713277,3.9557621479034424,-1.359375,0.0,0
2025-10-18T15:07:23.715277,3.9557621479034424,-0.640625,0.00390625,0
2025-10-18T15:07:23.717274,3.956145763397217,0.0,0.0,0
2025-10-18T15:07:23.719277,3.956529140472412,0.3046875,-0.00390625,0
2025-10-18T15:07:23.721276,3.956145763397217,-0.515625,-0.0078125,0
2025-10-18T15:07:23.723275,3.956529140472412,0.3671875,0.0,0
2025-10-18T15:07:23.725276,3.956529140472412,1.1484375,0.0,0
2025-10-18T15:07:23.727277,3.956145763397217,-0.4375,0.0,0
2025-10-18T15:07:23.729274,3.9557621479034424,-1.203125,-0.0078125,0
2025-10-18T15:07:23.731274,3.9557621479034424,-1.046875,-0.0078125,0
2025-10-18T15:07:23.733276,3.9557621479034424,-0.1328125,-0.00390625,0
2025-10-18T15:07:23.735273,3.956145763397217,1.2734375,0.0078125,0
2025-10-18T15:07:23.737275,3.956145763397217,0.0,0.0078125,0
2025-10-18T15:07:23.739273,3.956529140472412,0.09375,0.0,0
2025-10-18T15:07:23.741274,3.9569127559661865,1.296875,0.0,0
2025-10-18T15:07:23.743274,3.956529140472412,-1.0078125,0.0,0
2025-10-18T15:07:23.745276,3.956529140472412,0.0,-0.01171875,0
2025-10-18T15:07:23.748287,3.956145763397217,-0.109375,0.0,0
2025-10-18T15:07:23.751275,3.9557621479034424,0.0,-0.00390625,0
2025-10-18T15:07:23.754312,3.9557621479034424,0.1328125,0.015625,0
2025-10-18T15:07:23.757278,3.956145763397217,0.0234375,-0.0078125,0
2025-10-18T15:07:23.760266,3.956529140472412,-0.4296875,0.01171875,0
2025-10-18T15:07:23.762279,3.956529140472412,-0.484375,-0.00390625,0
2025-10-18T15:07:23.764274,3.956529140472412,0.0625,0.01171875,0
2025-10-18T15:07:23.766277,3.956529140472412,0.4296875,0.015625,0
2025-10-18T15:07:23.768275,3.956145763397217,0.0859375,0.00390625,0
2025-10-18T15:07:23.770277,3.9557621479034424,-0.0234375,-0.00390625,0
2025-10-18T15:07:23.772276,3.9557621479034424,-0.5625,0.015625,0
2025-10-18T15:07:23.774275,3.9557621479034424,-0.84375,0.00390625,0
2025-10-18T15:07:23.776277,3.956145763397217,0.78125,0.0,0
2025-10-18T15:07:23.778276,3.956145763397217,0.0,0.0078125,0
2025-10-18T15:07:23.780274,3.956529140472412,1.015625,-0.00390625,0
2025-10-18T15:07:23.782281,3.956529140472412,0.328125,0.01171875,0
2025-10-18T15:07:23.784274,3.9569127559661865,1.2265625,-0.0078125,0
2025-10-18T15:07:23.786281,3.956529140472412,0.2578125,0.01171875,0
2025-10-18T15:07:23.788271,3.956145763397217,-0.96875,-0.0078125,0
2025-10-18T15:07:23.790272,3.956145763397217,-0.1328125,0.0,0
2025-10-18T15:07:23.792273,3.956145763397217,0.328125,-0.01171875,0
2025-10-18T15:07:23.794280,3.956145763397217,0.6328125,0.0,0
2025-10-18T15:07:23.796272,3.9557621479034424,-0.6484375,0.03125,0
2025-10-18T15:07:23.798280,3.956145763397217,0.4453125,-0.0234375,0
2025-10-18T15:07:23.800271,3.956145763397217,0.1328125,0.0,0
2025-10-18T15:07:23.802272,3.956529140472412,1.5859375,-0.0078125,0
2025-10-18T15:07:23.804272,3.956529140472412,0.4765625,0.015625,0
2025-10-18T15:07:23.806274,3.9569127559661865,1.4453125,0.01953125,0
2025-10-18T15:07:23.808273,3.956529140472412,-0.7734375,0.0,0
2025-10-18T15:07:23.810273,3.956529140472412,-0.046875,0.0078125,0
2025-10-18T15:07:23.812274,3.956529140472412,0.28125,0.00390625,0
2025-10-18T15:07:23.814271,3.9557621479034424,-1.5625,-0.015625,0
2025-10-18T15:07:23.816274,3.956145763397217,0.1875,0.01953125,0
2025-10-18T15:07:23.818270,3.9557621479034424,-0.5,0.0,0
2025-10-18T15:07:23.820273,3.956145763397217,0.5078125,-0.0078125,0
2025-10-18T15:07:23.822272,3.9557621479034424,-1.0,-0.0234375,0
2025-10-18T15:07:23.824271,3.956145763397217,0.0078125,-0.015625,0
2025-10-18T15:07:23.826272,3.956145763397217,-0.078125,-0.015625,0
2025-10-18T15:07:23.828272,3.956529140472412,-0.4375,-0.00390625,0
2025-10-18T15:07:23.830272,3.956529140472412,0.0,0.01171875,0
2025-10-18T15:07:23.832271,3.956529140472412,-0.078125,0.0,0
2025-10-18T15:07:23.834271,3.956529140472412,-0.109375,-0.0078125,0
2025-10-18T15:07:23.836271,3.956145763397217,-0.6953125,-0.0078125,0
2025-10-18T15:07:23.838271,3.9557621479034424,-0.65625,-0.00390625,0
2025-10-18T15:07:23.840270,3.9557621479034424,-0.6171875,0.0,0
2025-10-18T15:07:23.842272,3.9557621479034424,0.0,-0.01953125,0
2025-10-18T15:07:23.844271,3.955378770828247,-0.6015625,0.0,0
2025-10-18T15:07:23.846272,3.9557621479034424,0.2890625,0.0,0
2025-10-18T15:07:23.848268,3.956145763397217,0.375,-0.00390625,0
2025-10-18T15:07:23.850270,3.956145763397217,-0.4375,0.0,0
2025-10-18T15:07:23.852880,3.956529140472412,0.0,0.0,0
